,,Grand Prix,Date,Winner,Car,Laps,Time,,Fastest Lap,Year
0,,Great Britain,13 May 1950,Nino Farina,Alfa Romeo,70,2:13:23.600,,1:50.600,1950
1,,Monaco,21 May 1950,JuanManuel Fangio,Alfa Romeo,100,3:13:18.700,,1:51.000,1950
2,,Indianapolis 500,30 May 1950,Johnnie Parsons,Kurtis Kraft Offenhauser,138,2:46:55.970,,,1950
3,,Switzerland,04 Jun 1950,Nino Farina,Alfa Romeo,42,2:02:53.700,,2:41.600,1950
4,,Belgium,18 Jun 1950,JuanManuel Fangio,Alfa Romeo,35,2:47:26.000,,4:34.100,1950
5,,France,02 Jul 1950,JuanManuel Fangio,Alfa Romeo,64,2:57:52.800,,2:35.600,1950
6,,Italy,03 Sep 1950,Nino Farina,Alfa Romeo,80,2:51:17.400,,2:00.000,1950
7,,Switzerland,27 May 1951,JuanManuel Fangio,Alfa Romeo,42,2:07:53.640,,2:51.100,1951
8,,Indianapolis 500,30 May 1951,Lee Wallard,Kurtis Kraft Offenhauser,200,3:57:38.050,,1:07.260,1951
9,,Belgium,17 Jun 1951,Nino Farina,Alfa Romeo,36,2:45:46.200,,4:22.100,1951
10,,France,01 Jul 1951,JuanManuel Fangio,Alfa Romeo,77,3:22:11.000,,2:27.800,1951
11,,France,01 Jul 1951,Luigi Fagioli,Alfa Romeo,null,,,2:27.800,1951
12,,Great Britain,14 Jul 1951,JoseFroilan Gonzalez,Ferrari,90,2:42:18.200,,1:44.000,1951
13,,Germany,29 Jul 1951,Alberto Ascari,Ferrari,20,3:23:03.300,,9:55.800,1951
14,,Italy,16 Sep 1951,Alberto Ascari,Ferrari,80,2:42:39.300,,1:56.500,1951
15,,Spain,28 Oct 1951,JuanManuel Fangio,Alfa Romeo,70,2:46:54.100,,2:16.930,1951
16,,Switzerland,18 May 1952,Piero Taruffi,Ferrari,62,3:01:46.100,,2:49.100,1952
17,,Indianapolis 500,30 May 1952,Troy Ruttman,Kuzma Offenhauser,200,3:52:41.880,,1:06.600,1952
18,,Belgium,22 Jun 1952,Alberto Ascari,Ferrari,36,3:03:46.300,,4:55.000,1952
19,,France,06 Jul 1952,Alberto Ascari,Ferrari,77,3:00:00.000,,2:17.300,1952
20,,Great Britain,19 Jul 1952,Alberto Ascari,Ferrari,85,2:44:11.000,,1:52.000,1952
21,,Germany,03 Aug 1952,Alberto Ascari,Ferrari,18,3:06:13.300,,10:05.100,1952
22,,Netherlands,17 Aug 1952,Alberto Ascari,Ferrari,90,2:53:28.500,,1:49.800,1952
23,,Italy,07 Sep 1952,Alberto Ascari,Ferrari,80,2:50:45.600,,2:06.100,1952
24,,Argentina,18 Jan 1953,Alberto Ascari,Ferrari,97,3:01:04.600,,1:48.400,1953
25,,Indianapolis 500,30 May 1953,Bill Vukovich,Kurtis Kraft Offenhauser,200,3:53:01.690,,1:06.240,1953
26,,Netherlands,07 Jun 1953,Alberto Ascari,Ferrari,90,2:53:35.800,,1:52.800,1953
27,,Belgium,21 Jun 1953,Alberto Ascari,Ferrari,36,2:48:30.300,,4:34.000,1953
28,,France,05 Jul 1953,Mike Hawthorn,Ferrari,60,2:44:18.600,,2:41.100,1953
29,,Great Britain,18 Jul 1953,Alberto Ascari,Ferrari,90,2:50:00.000,,1:50.000,1953
30,,Germany,02 Aug 1953,Nino Farina,Ferrari,18,3:02:25.000,,9:56.000,1953
31,,Switzerland,23 Aug 1953,Alberto Ascari,Ferrari,65,3:01:34.400,,2:41.300,1953
32,,Italy,13 Sep 1953,JuanManuel Fangio,Maserati,80,2:49:45.900,,2:04.500,1953
33,,Argentina,17 Jan 1954,JuanManuel Fangio,Maserati,87,3:00:55.800,,1:48.200,1954
34,,Indianapolis 500,31 May 1954,Bill Vukovich,Kurtis Kraft Offenhauser,200,3:49:17.270,,1:04.040,1954
35,,Belgium,20 Jun 1954,JuanManuel Fangio,Maserati,36,2:44:42.400,,4:25.500,1954
36,,France,04 Jul 1954,JuanManuel Fangio,Mercedes-Benz,61,2:42:47.900,,2:32.900,1954
37,,Great Britain,17 Jul 1954,JoseFroilan Gonzalez,Ferrari,90,2:56:14.000,,1:50.000,1954
38,,Germany,01 Aug 1954,JuanManuel Fangio,Mercedes-Benz,22,3:45:45.800,,9:55.100,1954
39,,Switzerland,22 Aug 1954,JuanManuel Fangio,Mercedes-Benz,66,3:00:34.500,,2:39.700,1954
40,,Italy,05 Sep 1954,JuanManuel Fangio,Mercedes-Benz,80,2:47:47.900,,2:00.800,1954
41,,Spain,24 Oct 1954,Mike Hawthorn,Ferrari,80,3:13:52.100,,2:20.400,1954
42,,Argentina,16 Jan 1955,JuanManuel Fangio,Mercedes-Benz,96,3:00:38.600,,1:48.300,1955
43,,Monaco,22 May 1955,Maurice Trintignant,Ferrari,100,2:58:09.700,,1:42.400,1955
44,,Indianapolis 500,30 May 1955,Bob Sweikert,Kurtis Kraft Offenhauser,200,3:53:59.530,,1:03.670,1955
45,,Belgium,05 Jun 1955,JuanManuel Fangio,Mercedes-Benz,36,2:39:29.000,,4:20.600,1955
46,,Netherlands,19 Jun 1955,JuanManuel Fangio,Mercedes-Benz,100,2:54:23.800,,1:40.900,1955
47,,Great Britain,16 Jul 1955,Stirling Moss,Mercedes-Benz,90,3:07:21.200,,2:00.400,1955
48,,Italy,11 Sep 1955,JuanManuel Fangio,Mercedes-Benz,50,2:25:04.400,,2:46.900,1955
49,,Argentina,22 Jan 1956,Luigi Musso,Ferrari,null,,,1:45.300,1956
50,,Argentina,22 Jan 1956,JuanManuel Fangio,Ferrari,98,3:00:03.700,,1:45.300,1956
51,,Monaco,13 May 1956,Stirling Moss,Maserati,100,3:00:32.900,,N/A,1956
52,,Indianapolis 500,30 May 1956,Pat Flaherty,Watson Offenhauser,200,3:53:28.840,,1:02.320,1956
53,,Belgium,03 Jun 1956,Peter Collins,Ferrari,36,2:40:00.300,,4:14.700,1956
54,,France,01 Jul 1956,Peter Collins,Ferrari,61,2:34:23.400,,2:25.800,1956
55,,Great Britain,14 Jul 1956,JuanManuel Fangio,Ferrari,101,2:59:47.000,,1:43.200,1956
56,,Germany,05 Aug 1956,JuanManuel Fangio,Ferrari,22,3:38:43.700,,9:41.600,1956
57,,Italy,02 Sep 1956,Stirling Moss,Maserati,50,2:23:41.300,,2:45.500,1956
58,,Argentina,13 Jan 1957,JuanManuel Fangio,Maserati,100,3:00:55.900,,1:44.700,1957
59,,Monaco,19 May 1957,JuanManuel Fangio,Maserati,105,3:10:12.800,,1:45.600,1957
60,,Indianapolis 500,30 May 1957,Sam Hanks,Epperly Offenhauser,200,3:41:14.250,,1:02.750,1957
61,,France,07 Jul 1957,JuanManuel Fangio,Maserati,77,3:07:46.400,,2:22.400,1957
62,,Great Britain,20 Jul 1957,Stirling Moss,Vanwall,90,3:06:37.800,,1:59.200,1957
63,,Great Britain,20 Jul 1957,Tony Brooks,Vanwall,null,,,1:59.200,1957
64,,Germany,04 Aug 1957,JuanManuel Fangio,Maserati,22,3:30:38.300,,9:17.400,1957
65,,Pescara,18 Aug 1957,Stirling Moss,Vanwall,18,2:59:22.700,,9:44.600,1957
66,,Italy,08 Sep 1957,Stirling Moss,Vanwall,87,2:35:03.900,,1:43.700,1957
67,,Argentina,19 Jan 1958,Stirling Moss,Cooper Climax,80,2:19:33.700,,1:41.800,1958
68,,Monaco,18 May 1958,Maurice Trintignant,Cooper Climax,100,2:52:27.900,,1:40.600,1958
69,,Netherlands,26 May 1958,Stirling Moss,Vanwall,75,2:04:49.200,,1:37.600,1958
70,,Indianapolis 500,30 May 1958,Jimmy Bryan,Epperly Offenhauser,200,3:44:13.800,,1:02.370,1958
71,,Belgium,15 Jun 1958,Tony Brooks,Vanwall,24,1:37:06.300,,3:58.300,1958
72,,France,06 Jul 1958,Mike Hawthorn,Ferrari,50,2:03:21.300,,2:24.900,1958
73,,Great Britain,19 Jul 1958,Peter Collins,Ferrari,75,2:09:04.200,,1:40.800,1958
74,,Germany,03 Aug 1958,Tony Brooks,Vanwall,15,2:21:15.000,,9:09.200,1958
75,,Portugal,24 Aug 1958,Stirling Moss,Vanwall,50,2:11:27.800,,2:32.270,1958
76,,Italy,07 Sep 1958,Tony Brooks,Vanwall,70,2:03:47.800,,1:42.900,1958
77,,Morocco,19 Oct 1958,Stirling Moss,Vanwall,53,2:09:15.100,,2:22.500,1958
78,,Monaco,10 May 1959,Jack Brabham,Cooper Climax,100,2:55:51.300,,1:40.400,1959
79,,Indianapolis 500,30 May 1959,Rodger Ward,Watson Offenhauser,200,3:40:49.200,,1:01.890,1959
80,,Netherlands,31 May 1959,Jo Bonnier,BRM,75,2:05:26.800,,1:36.700,1959
81,,France,05 Jul 1959,Tony Brooks,Ferrari,50,2:01:26.500,,2:22.800,1959
82,,Great Britain,18 Jul 1959,Jack Brabham,Cooper Climax,75,2:30:11.600,,1:57.000,1959
83,,Germany,02 Aug 1959,Tony Brooks,Ferrari,60,2:09:31.600,,2:04.500,1959
84,,Portugal,23 Aug 1959,Stirling Moss,Cooper Climax,62,2:11:55.410,,2:05.070,1959
85,,Italy,13 Sep 1959,Stirling Moss,Cooper Climax,72,2:04:05.400,,1:40.400,1959
86,,United States,12 Dec 1959,Bruce McLaren,Cooper Climax,42,2:12:35.700,,3:05.000,1959
87,,Argentina,07 Feb 1960,Bruce McLaren,Cooper Climax,80,2:17:49.500,,1:38.900,1960
88,,Monaco,29 May 1960,Stirling Moss,Lotus Climax,100,2:53:45.500,,1:36.200,1960
89,,Indianapolis 500,30 May 1960,Jim Rathmann,Watson Offenhauser,200,3:36:11.360,,1:01.590,1960
90,,Netherlands,06 Jun 1960,Jack Brabham,Cooper Climax,75,2:01:47.200,,1:33.800,1960
91,,Belgium,19 Jun 1960,Jack Brabham,Cooper Climax,36,2:21:37.300,,3:51.900,1960
92,,France,03 Jul 1960,Jack Brabham,Cooper Climax,50,1:57:24.900,,2:17.500,1960
93,,Great Britain,16 Jul 1960,Jack Brabham,Cooper Climax,77,2:04:24.600,,1:34.400,1960
94,,Portugal,14 Aug 1960,Jack Brabham,Cooper Climax,55,2:19:00.030,,2:27.530,1960
95,,Italy,04 Sep 1960,Phil Hill,Ferrari,50,2:21:09.200,,2:43.600,1960
96,,United States,20 Nov 1960,Stirling Moss,Lotus Climax,75,2:28:52.200,,1:56.300,1960
97,,Monaco,14 May 1961,Stirling Moss,Lotus Climax,100,2:45:50.100,,1:36.300,1961
98,,Netherlands,22 May 1961,Wolfgang vonTrips,Ferrari,75,2:01:52.100,,1:35.500,1961
99,,Belgium,18 Jun 1961,Phil Hill,Ferrari,30,2:03:03.800,,3:59.800,1961
100,,France,02 Jul 1961,Giancarlo Baghetti,Ferrari,52,2:14:17.500,,2:27.100,1961
101,,Great Britain,15 Jul 1961,Wolfgang vonTrips,Ferrari,75,2:40:53.600,,1:57.800,1961
102,,Germany,06 Aug 1961,Stirling Moss,Lotus Climax,15,2:18:12.400,,8:57.800,1961
103,,Italy,10 Sep 1961,Phil Hill,Ferrari,43,2:03:13.000,,2:48.400,1961
104,,United States,08 Oct 1961,Innes Ireland,Lotus Climax,100,2:13:45.800,,1:18.200,1961
105,,Netherlands,20 May 1962,Graham Hill,BRM,80,2:11:02.100,,1:34.400,1962
106,,Monaco,03 Jun 1962,Bruce McLaren,Cooper Climax,100,2:46:29.700,,1:35.500,1962
107,,Belgium,17 Jun 1962,Jim Clark,Lotus Climax,32,2:07:32.300,,3:55.600,1962
108,,France,08 Jul 1962,Dan Gurney,Porsche,54,2:07:35.500,,2:16.900,1962
109,,Great Britain,21 Jul 1962,Jim Clark,Lotus Climax,75,2:26:20.800,,1:55.000,1962
110,,Germany,05 Aug 1962,Graham Hill,BRM,15,2:38:45.300,,10:12.200,1962
111,,Italy,16 Sep 1962,Graham Hill,BRM,86,2:29:08.400,,1:42.300,1962
112,,United States,07 Oct 1962,Jim Clark,Lotus Climax,100,2:07:13.000,,1:15.000,1962
113,,South Africa,29 Dec 1962,Graham Hill,BRM,82,2:08:03.300,,1:31.000,1962
114,,Monaco,26 May 1963,Graham Hill,BRM,100,2:41:49.700,,1:34.500,1963
115,,Belgium,09 Jun 1963,Jim Clark,Lotus Climax,32,2:27:47.600,,3:58.100,1963
116,,Netherlands,23 Jun 1963,Jim Clark,Lotus Climax,80,2:08:13.700,,1:33.700,1963
117,,France,30 Jun 1963,Jim Clark,Lotus Climax,53,2:10:54.300,,2:21.600,1963
118,,Great Britain,20 Jul 1963,Jim Clark,Lotus Climax,82,2:14:09.600,,1:36.000,1963
119,,Germany,04 Aug 1963,John Surtees,Ferrari,15,2:13:06.800,,8:47.000,1963
120,,Italy,08 Sep 1963,Jim Clark,Lotus Climax,86,2:24:19.600,,1:38.900,1963
121,,United States,06 Oct 1963,Graham Hill,BRM,110,2:19:22.100,,1:14.500,1963
122,,Mexico,27 Oct 1963,Jim Clark,Lotus Climax,65,2:09:52.100,,1:58.100,1963
123,,South Africa,28 Dec 1963,Jim Clark,Lotus Climax,85,2:10:36.900,,1:29.100,1963
124,,Monaco,10 May 1964,Graham Hill,BRM,100,2:41:19.500,,1:33.900,1964
125,,Netherlands,24 May 1964,Jim Clark,Lotus Climax,80,2:07:35.400,,1:32.800,1964
126,,Belgium,14 Jun 1964,Jim Clark,Lotus Climax,32,2:06:40.500,,3:49.200,1964
127,,France,28 Jun 1964,Dan Gurney,Brabham Climax,57,2:07:49.100,,2:11.400,1964
128,,Great Britain,11 Jul 1964,Jim Clark,Lotus Climax,80,2:15:07.000,,1:38.800,1964
129,,Germany,02 Aug 1964,John Surtees,Ferrari,15,2:12:04.800,,8:39.000,1964
130,,Austria,23 Aug 1964,Lorenzo Bandini,Ferrari,105,2:06:18.230,,1:10.560,1964
131,,Italy,06 Sep 1964,John Surtees,Ferrari,78,2:10:51.800,,1:38.800,1964
132,,United States,04 Oct 1964,Graham Hill,BRM,110,2:16:38.000,,1:12.700,1964
133,,Mexico,25 Oct 1964,Dan Gurney,Brabham Climax,65,2:09:50.320,,1:58.370,1964
134,,South Africa,01 Jan 1965,Jim Clark,Lotus Climax,85,2:06:46.000,,1:27.600,1965
135,,Monaco,30 May 1965,Graham Hill,BRM,100,2:37:39.600,,1:31.700,1965
136,,Belgium,13 Jun 1965,Jim Clark,Lotus Climax,32,2:23:34.800,,4:12.900,1965
137,,France,27 Jun 1965,Jim Clark,Lotus Climax,40,2:14:38.400,,3:18.900,1965
138,,Great Britain,10 Jul 1965,Jim Clark,Lotus Climax,80,2:05:25.400,,1:32.200,1965
139,,Netherlands,18 Jul 1965,Jim Clark,Lotus Climax,80,2:03:59.100,,1:30.600,1965
140,,Germany,01 Aug 1965,Jim Clark,Lotus Climax,15,2:07:52.400,,8:24.100,1965
141,,Italy,12 Sep 1965,Jackie Stewart,BRM,76,2:04:52.800,,1:36.400,1965
142,,United States,03 Oct 1965,Graham Hill,BRM,110,2:20:36.100,,1:11.900,1965
143,,Mexico,24 Oct 1965,Richie Ginther,Honda,65,2:08:32.100,,1:55.840,1965
144,,Monaco,22 May 1966,Jackie Stewart,BRM,100,2:33:10.500,,1:29.800,1966
145,,Belgium,12 Jun 1966,John Surtees,Ferrari,28,2:09:11.300,,4:18.700,1966
146,,France,03 Jul 1966,Jack Brabham,Brabham Repco,48,1:48:31.300,,2:11.300,1966
147,,Great Britain,16 Jul 1966,Jack Brabham,Brabham Repco,80,2:13:13.400,,1:37.000,1966
148,,Netherlands,24 Jul 1966,Jack Brabham,Brabham Repco,90,2:20:32.500,,1:30.600,1966
149,,Germany,07 Aug 1966,Jack Brabham,Brabham Repco,15,2:27:03.000,,8:49.000,1966
150,,Italy,04 Sep 1966,Ludovico Scarfiotti,Ferrari,68,1:47:14.800,,1:32.400,1966
151,,United States,02 Oct 1966,Jim Clark,Lotus BRM,108,2:09:40.100,,1:09.670,1966
152,,Mexico,23 Oct 1966,John Surtees,Cooper Maserati,65,2:06:35.340,,1:53.750,1966
153,,South Africa,02 Jan 1967,Pedro Rodriguez,Cooper Maserati,80,2:05:45.900,,1:29.900,1967
154,,Monaco,07 May 1967,Denny Hulme,Brabham Repco,100,2:34:34.300,,1:29.500,1967
155,,Netherlands,04 Jun 1967,Jim Clark,Lotus Ford,90,2:14:45.100,,1:28.080,1967
156,,Belgium,18 Jun 1967,Dan Gurney,Eagle Weslake,28,1:40:49.400,,3:31.900,1967
157,,France,02 Jul 1967,Jack Brabham,Brabham Repco,80,2:13:21.300,,1:36.700,1967
158,,Great Britain,15 Jul 1967,Jim Clark,Lotus Ford,80,1:59:25.600,,1:27.000,1967
159,,Germany,06 Aug 1967,Denny Hulme,Brabham Repco,15,2:05:55.700,,8:15.100,1967
160,,Canada,27 Aug 1967,Jack Brabham,Brabham Repco,90,2:40:40.000,,1:23.100,1967
161,,Italy,10 Sep 1967,John Surtees,Honda,68,1:43:45.000,,1:28.500,1967
162,,United States,01 Oct 1967,Jim Clark,Lotus Ford,108,2:03:13.200,,1:06.000,1967
163,,Mexico,22 Oct 1967,Jim Clark,Lotus Ford,65,1:59:28.700,,1:48.130,1967
164,,South Africa,01 Jan 1968,Jim Clark,Lotus Ford,80,1:53:56.600,,1:23.700,1968
165,,Spain,12 May 1968,Graham Hill,Lotus Ford,90,2:15:20.100,,1:28.300,1968
166,,Monaco,26 May 1968,Graham Hill,Lotus Ford,80,2:00:32.300,,1:28.100,1968
167,,Belgium,09 Jun 1968,Bruce McLaren,McLaren Ford,28,1:40:02.100,,3:30.500,1968
168,,Netherlands,23 Jun 1968,Jackie Stewart,Matra Ford,90,2:46:11.260,,1:45.910,1968
169,,France,07 Jul 1968,Jacky Ickx,Ferrari,60,2:25:40.900,,2:11.500,1968
170,,Great Britain,20 Jul 1968,Jo Siffert,Lotus Ford,80,2:01:20.300,,1:29.700,1968
171,,Germany,04 Aug 1968,Jackie Stewart,Matra Ford,14,2:19:03.200,,9:36.000,1968
172,,Italy,08 Sep 1968,Denny Hulme,McLaren Ford,68,1:40:14.800,,1:26.500,1968
173,,Canada,22 Sep 1968,Denny Hulme,McLaren Ford,90,2:27:11.200,,1:35.100,1968
174,,United States,06 Oct 1968,Jackie Stewart,Matra Ford,108,1:59:20.290,,1:05.220,1968
175,,Mexico,03 Nov 1968,Graham Hill,Lotus Ford,65,1:56:43.950,,1:44.230,1968
176,,South Africa,01 Mar 1969,Jackie Stewart,Matra Ford,80,1:50:39.100,,1:21.600,1969
177,,Spain,04 May 1969,Jackie Stewart,Matra Ford,90,2:16:53.990,,1:28.300,1969
178,,Monaco,18 May 1969,Graham Hill,Lotus Ford,80,1:56:59.400,,1:25.100,1969
179,,Netherlands,21 Jun 1969,Jackie Stewart,Matra Ford,90,2:06:42.080,,1:22.940,1969
180,,France,06 Jul 1969,Jackie Stewart,Matra Ford,38,1:56:47.400,,3:02.700,1969
181,,Great Britain,19 Jul 1969,Jackie Stewart,Matra Ford,84,1:55:55.600,,1:21.300,1969
182,,Germany,03 Aug 1969,Jacky Ickx,Brabham Ford,14,1:49:55.400,,7:43.800,1969
183,,Italy,07 Sep 1969,Jackie Stewart,Matra Ford,68,1:39:11.260,,1:25.200,1969
184,,Canada,20 Sep 1969,Jacky Ickx,Brabham Ford,90,1:59:25.700,,1:18.100,1969
185,,United States,05 Oct 1969,Jochen Rindt,Lotus Ford,108,1:57:56.840,,1:04.340,1969
186,,Mexico,19 Oct 1969,Denny Hulme,McLaren Ford,65,1:54:08.800,,1:43.050,1969
187,,South Africa,07 Mar 1970,Jack Brabham,Brabham Ford,80,1:49:34.600,,1:20.800,1970
188,,Spain,19 Apr 1970,Jackie Stewart,March Ford,90,2:10:58.200,,1:24.300,1970
189,,Monaco,10 May 1970,Jochen Rindt,Lotus Ford,80,1:54:36.600,,1:23.200,1970
190,,Belgium,07 Jun 1970,Pedro Rodriguez,BRM,28,1:38:09.900,,3:27.400,1970
191,,Netherlands,21 Jun 1970,Jochen Rindt,Lotus Ford,80,1:50:43.410,,1:19.230,1970
192,,France,05 Jul 1970,Jochen Rindt,Lotus Ford,38,1:55:57.000,,3:00.750,1970
193,,Great Britain,18 Jul 1970,Jochen Rindt,Lotus Ford,80,1:57:02.000,,1:25.900,1970
194,,Germany,02 Aug 1970,Jochen Rindt,Lotus Ford,50,1:42:00.300,,2:00.500,1970
195,,Austria,16 Aug 1970,Jacky Ickx,Ferrari,60,1:42:17.320,,1:40.400,1970
196,,Italy,06 Sep 1970,Clay Regazzoni,Ferrari,68,1:39:06.880,,1:25.200,1970
197,,Canada,20 Sep 1970,Jacky Ickx,Ferrari,90,2:21:18.400,,1:32.200,1970
198,,United States,04 Oct 1970,Emerson Fittipaldi,Lotus Ford,108,1:57:32.790,,1:02.740,1970
199,,Mexico,25 Oct 1970,Jacky Ickx,Ferrari,65,1:53:28.360,,1:43.110,1970
200,,South Africa,06 Mar 1971,Mario Andretti,Ferrari,79,1:47:35.500,,1:20.300,1971
201,,Spain,18 Apr 1971,Jackie Stewart,Tyrrell Ford,75,1:49:03.400,,1:25.100,1971
202,,Monaco,23 May 1971,Jackie Stewart,Tyrrell Ford,80,1:52:21.300,,1:22.200,1971
203,,Netherlands,20 Jun 1971,Jacky Ickx,Ferrari,70,1:56:20.090,,1:34.950,1971
204,,France,04 Jul 1971,Jackie Stewart,Tyrrell Ford,55,1:46:41.680,,1:54.090,1971
205,,Great Britain,17 Jul 1971,Jackie Stewart,Tyrrell Ford,68,1:31:31.500,,1:19.900,1971
206,,Germany,01 Aug 1971,Jackie Stewart,Tyrrell Ford,12,1:29:15.700,,7:20.100,1971
207,,Austria,15 Aug 1971,Jo Siffert,BRM,54,1:30:23.910,,1:38.470,1971
208,,Italy,05 Sep 1971,Peter Gethin,BRM,55,1:18:12.600,,1:23.800,1971
209,,Canada,19 Sep 1971,Jackie Stewart,Tyrrell Ford,64,1:55:12.900,,1:43.500,1971
210,,United States,03 Oct 1971,Francois Cevert,Tyrrell Ford,59,1:43:51.991,,1:43.474,1971
211,,Argentina,23 Jan 1972,Jackie Stewart,Tyrrell Ford,95,1:57:58.820,,1:13.660,1972
212,,South Africa,04 Mar 1972,Denny Hulme,McLaren Ford,79,1:45:49.100,,1:18.900,1972
213,,Spain,01 May 1972,Emerson Fittipaldi,Lotus Ford,90,2:03:41.230,,1:21.010,1972
214,,Monaco,14 May 1972,Jean-Pierre Beltoise,BRM,80,2:26:54.700,,1:40.000,1972
215,,Belgium,04 Jun 1972,Emerson Fittipaldi,Lotus Ford,85,1:44:06.700,,1:12.120,1972
216,,France,02 Jul 1972,Jackie Stewart,Tyrrell Ford,38,1:52:21.500,,2:53.900,1972
217,,Great Britain,15 Jul 1972,Emerson Fittipaldi,Lotus Ford,76,1:47:50.200,,1:24.000,1972
218,,Germany,30 Jul 1972,Jacky Ickx,Ferrari,14,1:42:12.300,,7:13.600,1972
219,,Austria,13 Aug 1972,Emerson Fittipaldi,Lotus Ford,54,1:29:16.660,,1:38.320,1972
220,,Italy,10 Sep 1972,Emerson Fittipaldi,Lotus Ford,55,1:29:58.400,,1:36.300,1972
221,,Canada,24 Sep 1972,Jackie Stewart,Tyrrell Ford,80,1:43:16.900,,1:15.700,1972
222,,United States,08 Oct 1972,Jackie Stewart,Tyrrell Ford,59,1:41:45.354,,1:41.644,1972
223,,Argentina,28 Jan 1973,Emerson Fittipaldi,Lotus Ford,96,1:56:18.220,,1:11.220,1973
224,,Brazil,11 Feb 1973,Emerson Fittipaldi,Lotus Ford,40,1:43:55.600,,2:35.000,1973
225,,South Africa,03 Mar 1973,Jackie Stewart,Tyrrell Ford,79,1:43:11.070,,1:17.100,1973
226,,Spain,29 Apr 1973,Emerson Fittipaldi,Lotus Ford,75,1:48:18.700,,1:23.800,1973
227,,Belgium,20 May 1973,Jackie Stewart,Tyrrell Ford,70,1:42:13.430,,1:25.420,1973
228,,Monaco,03 Jun 1973,Jackie Stewart,Tyrrell Ford,78,1:57:44.300,,1:28.100,1973
229,,Sweden,17 Jun 1973,Denny Hulme,McLaren Ford,80,1:56:46.049,,1:26.146,1973
230,,France,01 Jul 1973,Ronnie Peterson,Lotus Ford,54,1:41:36.520,,1:50.990,1973
231,,Great Britain,14 Jul 1973,Peter Revson,McLaren Ford,67,1:29:18.500,,1:18.600,1973
232,,Netherlands,29 Jul 1973,Jackie Stewart,Tyrrell Ford,72,1:39:12.450,,1:20.310,1973
233,,Germany,05 Aug 1973,Jackie Stewart,Tyrrell Ford,14,1:42:03.000,,7:11.400,1973
234,,Austria,19 Aug 1973,Ronnie Peterson,Lotus Ford,54,1:28:48.780,,1:37.290,1973
235,,Italy,09 Sep 1973,Ronnie Peterson,Lotus Ford,55,1:29:17.000,,1:35.300,1973
236,,Canada,23 Sep 1973,Peter Revson,McLaren Ford,80,1:59:04.083,,1:15.496,1973
237,,United States,07 Oct 1973,Ronnie Peterson,Lotus Ford,59,1:41:15.799,,1:41.652,1973
238,,Argentina,13 Jan 1974,Denny Hulme,McLaren Ford,53,1:41:02.010,,1:52.100,1974
239,,Brazil,27 Jan 1974,Emerson Fittipaldi,McLaren Ford,32,1:24:37.060,,2:36.050,1974
240,,South Africa,30 Mar 1974,Carlos Reutemann,Brabham Ford,78,1:42:40.960,,1:18.160,1974
241,,Spain,28 Apr 1974,Niki Lauda,Ferrari,84,2:00:29.560,,1:20.830,1974
242,,Belgium,12 May 1974,Emerson Fittipaldi,McLaren Ford,85,1:44:20.570,,1:11.310,1974
243,,Monaco,26 May 1974,Ronnie Peterson,Lotus Ford,78,1:58:03.700,,1:27.900,1974
244,,Sweden,09 Jun 1974,Jody Scheckter,Tyrrell Ford,80,1:58:31.391,,1:27.262,1974
245,,Netherlands,23 Jun 1974,Niki Lauda,Ferrari,75,1:43:00.350,,1:21.440,1974
246,,France,07 Jul 1974,Ronnie Peterson,Lotus Ford,80,1:21:55.020,,1:00.000,1974
247,,Great Britain,20 Jul 1974,Jody Scheckter,Tyrrell Ford,75,1:43:02.200,,1:21.100,1974
248,,Germany,04 Aug 1974,Clay Regazzoni,Ferrari,14,1:41:35.000,,7:11.100,1974
249,,Austria,18 Aug 1974,Carlos Reutemann,Brabham Ford,54,1:28:44.720,,1:37.220,1974
250,,Italy,08 Sep 1974,Ronnie Peterson,Lotus Ford,52,1:22:56.600,,1:34.200,1974
251,,Canada,22 Sep 1974,Emerson Fittipaldi,McLaren Ford,80,1:40:26.136,,1:13.659,1974
252,,United States,06 Oct 1974,Carlos Reutemann,Brabham Ford,59,1:40:21.439,,1:40.608,1974
253,,Argentina,12 Jan 1975,Emerson Fittipaldi,McLaren Ford,53,1:39:26.290,,1:50.910,1975
254,,Brazil,26 Jan 1975,Carlos Pace,Brabham Ford,40,1:44:41.170,,2:34.160,1975
255,,South Africa,01 Mar 1975,Jody Scheckter,Tyrrell Ford,78,1:43:16.900,,1:17.200,1975
256,,Spain,27 Apr 1975,Jochen Mass,McLaren Ford,29,42:53.700,,1:25.100,1975
257,,Monaco,11 May 1975,Niki Lauda,Ferrari,75,2:01:21.310,,1:28.670,1975
258,,Belgium,25 May 1975,Niki Lauda,Ferrari,70,1:43:53.980,,1:26.760,1975
259,,Sweden,08 Jun 1975,Niki Lauda,Ferrari,80,1:59:18.319,,1:28.267,1975
260,,Netherlands,22 Jun 1975,James Hunt,Hesketh Ford,75,1:46:57.400,,1:21.540,1975
261,,France,06 Jul 1975,Niki Lauda,Ferrari,54,1:40:18.840,,1:50.600,1975
262,,Great Britain,19 Jul 1975,Emerson Fittipaldi,McLaren Ford,56,1:22:05.000,,1:20.900,1975
263,,Germany,03 Aug 1975,Carlos Reutemann,Brabham Ford,14,1:41:14.100,,7:06.400,1975
264,,Austria,17 Aug 1975,Vittorio Brambilla,March Ford,29,57:56.690,,1:53.900,1975
265,,Italy,07 Sep 1975,Clay Regazzoni,Ferrari,52,1:22:42.600,,1:33.100,1975
266,,United States,05 Oct 1975,Niki Lauda,Ferrari,59,1:42:58.175,,1:43.374,1975
267,,Brazil,25 Jan 1976,Niki Lauda,Ferrari,40,1:45:16.780,,2:35.070,1976
268,,South Africa,06 Mar 1976,Niki Lauda,Ferrari,78,1:42:18.400,,1:17.970,1976
269,,USA West,28 Mar 1976,Clay Regazzoni,Ferrari,80,1:53:18.471,,1:23.076,1976
270,,Spain,02 May 1976,James Hunt,McLaren Ford,75,1:42:20.430,,1:20.930,1976
271,,Belgium,16 May 1976,Niki Lauda,Ferrari,70,1:42:53.230,,1:25.980,1976
272,,Monaco,30 May 1976,Niki Lauda,Ferrari,78,1:59:51.470,,1:30.280,1976
273,,Sweden,13 Jun 1976,Jody Scheckter,Tyrrell Ford,72,1:46:53.729,,1:28.002,1976
274,,France,04 Jul 1976,James Hunt,McLaren Ford,54,1:40:58.600,,1:51.000,1976
275,,Great Britain,18 Jul 1976,Niki Lauda,Ferrari,76,1:44:19.660,,1:19.910,1976
276,,Germany,01 Aug 1976,James Hunt,McLaren Ford,14,1:41:42.700,,7:10.800,1976
277,,Austria,15 Aug 1976,John Watson,Penske Ford,54,1:30:07.860,,1:35.910,1976
278,,Netherlands,29 Aug 1976,James Hunt,McLaren Ford,75,1:44:52.090,,1:22.590,1976
279,,Italy,12 Sep 1976,Ronnie Peterson,March Ford,52,1:30:35.600,,1:41.300,1976
280,,Canada,03 Oct 1976,James Hunt,McLaren Ford,80,1:40:09.626,,1:13.817,1976
281,,USA East,10 Oct 1976,James Hunt,McLaren Ford,59,1:42:40.741,,1:42.851,1976
282,,Japan,24 Oct 1976,Mario Andretti,Lotus Ford,73,1:43:58.860,,1:19.970,1976
283,,Argentina,09 Jan 1977,Jody Scheckter,Wolf Ford,53,1:40:11.190,,1:51.060,1977
284,,Brazil,23 Jan 1977,Carlos Reutemann,Ferrari,40,1:45:07.720,,2:34.550,1977
285,,South Africa,05 Mar 1977,Niki Lauda,Ferrari,78,1:42:21.600,,1:17.630,1977
286,,USA West,03 Apr 1977,Mario Andretti,Lotus Ford,80,1:51:35.470,,1:22.753,1977
287,,Spain,08 May 1977,Mario Andretti,Lotus Ford,75,1:42:52.220,,1:20.810,1977
288,,Monaco,22 May 1977,Jody Scheckter,Wolf Ford,76,1:57:52.770,,1:31.070,1977
289,,Belgium,05 Jun 1977,Gunnar Nilsson,Lotus Ford,70,1:55:05.710,,1:27.540,1977
290,,Sweden,19 Jun 1977,Jacques Laffite,Ligier Matra,72,1:46:55.520,,1:27.607,1977
291,,France,03 Jul 1977,Mario Andretti,Lotus Ford,80,1:39:40.130,,1:13.750,1977
292,,Great Britain,16 Jul 1977,James Hunt,McLaren Ford,68,1:31:46.060,,1:19.600,1977
293,,Germany,31 Jul 1977,Niki Lauda,Ferrari,47,1:31:48.620,,1:55.990,1977
294,,Austria,14 Aug 1977,Alan Jones,Shadow Ford,54,1:37:16.490,,1:40.960,1977
295,,Netherlands,28 Aug 1977,Niki Lauda,Ferrari,75,1:41:45.930,,1:19.990,1977
296,,Italy,11 Sep 1977,Mario Andretti,Lotus Ford,52,1:27:50.300,,1:39.100,1977
297,,USA East,02 Oct 1977,James Hunt,McLaren Ford,59,1:58:23.267,,1:51.854,1977
298,,Canada,09 Oct 1977,Jody Scheckter,Wolf Ford,80,1:40:00.000,,1:13.299,1977
299,,Japan,23 Oct 1977,James Hunt,McLaren Ford,73,1:31:51.680,,1:14.300,1977
300,,Argentina,15 Jan 1978,Mario Andretti,Lotus Ford,52,1:37:04.470,,1:49.760,1978
301,,Brazil,29 Jan 1978,Carlos Reutemann,Ferrari,63,1:49:59.860,,1:43.070,1978
302,,South Africa,04 Mar 1978,Ronnie Peterson,Lotus Ford,78,1:42:15.767,,1:17.090,1978
303,,USA West,02 Apr 1978,Carlos Reutemann,Ferrari,80,1:52:01.301,,1:22.215,1978
304,,Monaco,07 May 1978,Patrick Depailler,Tyrrell Ford,75,1:55:14.660,,1:28.650,1978
305,,Belgium,21 May 1978,Mario Andretti,Lotus Ford,70,1:39:52.020,,1:23.130,1978
306,,Spain,04 Jun 1978,Mario Andretti,Lotus Ford,75,1:41:47.060,,1:20.060,1978
307,,Sweden,17 Jun 1978,Niki Lauda,Brabham Alfa Romeo,70,1:41:00.606,,1:24.836,1978
308,,France,02 Jul 1978,Mario Andretti,Lotus Ford,54,1:38:51.920,,1:48.560,1978
309,,Great Britain,16 Jul 1978,Carlos Reutemann,Ferrari,76,1:42:12.390,,1:18.600,1978
310,,Germany,30 Jul 1978,Mario Andretti,Lotus Ford,45,1:28:00.900,,1:55.620,1978
311,,Austria,13 Aug 1978,Ronnie Peterson,Lotus Ford,54,1:41:21.570,,1:43.120,1978
312,,Netherlands,27 Aug 1978,Mario Andretti,Lotus Ford,75,1:41:04.230,,1:19.570,1978
313,,Italy,10 Sep 1978,Niki Lauda,Brabham Alfa Romeo,40,1:07:04.540,,1:38.230,1978
314,,USA East,01 Oct 1978,Carlos Reutemann,Ferrari,59,1:40:48.800,,1:39.557,1978
315,,Canada,08 Oct 1978,Gilles Villeneuve,Ferrari,70,1:57:49.196,,1:38.072,1978
316,,Argentina,21 Jan 1979,Jacques Laffite,Ligier Ford,53,1:36:03.210,,1:46.910,1979
317,,Brazil,04 Feb 1979,Jacques Laffite,Ligier Ford,40,1:40:09.640,,2:28.760,1979
318,,South Africa,03 Mar 1979,Gilles Villeneuve,Ferrari,78,1:41:49.960,,1:14.412,1979
319,,USA West,08 Apr 1979,Gilles Villeneuve,Ferrari,80,1:50:25.400,,1:21.200,1979
320,,Spain,29 Apr 1979,Patrick Depailler,Ligier Ford,75,1:39:11.840,,1:16.440,1979
321,,Belgium,13 May 1979,Jody Scheckter,Ferrari,70,1:39:59.530,,1:23.090,1979
322,,Monaco,27 May 1979,Jody Scheckter,Ferrari,76,1:55:22.480,,1:28.820,1979
323,,France,01 Jul 1979,Jean-Pierre Jabouille,Renault,80,1:35:20.420,,1:09.160,1979
324,,Great Britain,14 Jul 1979,Clay Regazzoni,Williams Ford,68,1:26:11.170,,1:14.400,1979
325,,Germany,29 Jul 1979,Alan Jones,Williams Ford,45,1:24:48.830,,1:51.890,1979
326,,Austria,12 Aug 1979,Alan Jones,Williams Ford,54,1:27:38.010,,1:35.770,1979
327,,Netherlands,26 Aug 1979,Alan Jones,Williams Ford,75,1:41:19.775,,1:19.438,1979
328,,Italy,09 Sep 1979,Jody Scheckter,Ferrari,50,1:22:00.220,,1:35.600,1979
329,,Canada,30 Sep 1979,Alan Jones,Williams Ford,72,1:52:06.892,,1:31.272,1979
330,,USA East,07 Oct 1979,Gilles Villeneuve,Ferrari,59,1:52:17.734,,1:40.054,1979
331,,Argentina,13 Jan 1980,Alan Jones,Williams Ford,53,1:43:24.380,,1:50.450,1980
332,,Brazil,27 Jan 1980,Rene Arnoux,Renault,40,1:40:01.330,,2:27.310,1980
333,,South Africa,01 Mar 1980,Rene Arnoux,Renault,78,1:36:52.540,,1:13.150,1980
334,,USA West,30 Mar 1980,Nelson Piquet,Brabham Ford,80,1:50:18.550,,1:19.830,1980
335,,Belgium,04 May 1980,Didier Pironi,Ligier Ford,72,1:38:46.510,,1:20.880,1980
336,,Monaco,18 May 1980,Carlos Reutemann,Williams Ford,76,1:55:34.365,,1:27.418,1980
337,,France,29 Jun 1980,Alan Jones,Williams Ford,54,1:32:43.420,,1:41.450,1980
338,,Great Britain,13 Jul 1980,Alan Jones,Williams Ford,76,1:34:49.228,,1:12.368,1980
339,,Germany,10 Aug 1980,Jacques Laffite,Ligier Ford,45,1:22:59.730,,1:48.490,1980
340,,Austria,17 Aug 1980,Jean-Pierre Jabouille,Renault,54,1:26:15.730,,1:32.530,1980
341,,Netherlands,31 Aug 1980,Nelson Piquet,Brabham Ford,72,1:38:13.830,,1:19.350,1980
342,,Italy,14 Sep 1980,Nelson Piquet,Brabham Ford,60,1:38:07.520,,1:36.089,1980
343,,Canada,28 Sep 1980,Alan Jones,Williams Ford,70,1:46:45.530,,1:28.769,1980
344,,USA East,05 Oct 1980,Alan Jones,Williams Ford,59,1:34:36.050,,1:34.068,1980
345,,USA West,15 Mar 1981,Alan Jones,Williams Ford,80,1:50:41.330,,1:20.901,1981
346,,Brazil,29 Mar 1981,Carlos Reutemann,Williams Ford,62,2:00:23.660,,1:54.302,1981
347,,Argentina,12 Apr 1981,Nelson Piquet,Brabham Ford,53,1:34:32.740,,1:45.287,1981
348,,San Marino,03 May 1981,Nelson Piquet,Brabham Ford,60,1:51:23.970,,1:48.064,1981
349,,Belgium,17 May 1981,Carlos Reutemann,Williams Ford,54,1:16:31.610,,1:23.300,1981
350,,Monaco,31 May 1981,Gilles Villeneuve,Ferrari,76,1:54:23.380,,1:27.470,1981
351,,Spain,21 Jun 1981,Gilles Villeneuve,Ferrari,80,1:46:35.010,,1:17.818,1981
352,,France,05 Jul 1981,Alain Prost,Renault,80,1:35:48.130,,1:09.140,1981
353,,Great Britain,18 Jul 1981,John Watson,McLaren Ford,68,1:26:54.800,,1:15.067,1981
354,,Germany,02 Aug 1981,Nelson Piquet,Brabham Ford,45,1:25:55.600,,1:52.420,1981
355,,Austria,16 Aug 1981,Jacques Laffite,Ligier Matra,53,1:27:36.470,,1:37.620,1981
356,,Netherlands,30 Aug 1981,Alain Prost,Renault,72,1:40:22.430,,1:21.830,1981
357,,Italy,13 Sep 1981,Alain Prost,Renault,52,1:26:33.897,,1:37.528,1981
358,,Canada,27 Sep 1981,Jacques Laffite,Ligier Matra,63,2:01:25.205,,1:49.475,1981
359,,Caesar's Palace,17 Oct 1981,Alan Jones,Williams Ford,75,1:44:09.077,,1:20.156,1981
360,,South Africa,23 Jan 1982,Alain Prost,Renault,77,1:32:08.401,,1:08.278,1982
361,,Brazil,21 Mar 1982,Alain Prost,Renault,63,1:44:33.134,,1:37.016,1982
362,,USA West,04 Apr 1982,Niki Lauda,McLaren Ford,75,1:58:25.318,,1:30.831,1982
363,,San Marino,25 Apr 1982,Didier Pironi,Ferrari,60,1:36:38.887,,1:35.036,1982
364,,Belgium,09 May 1982,John Watson,McLaren Ford,70,1:35:41.995,,1:20.214,1982
365,,Monaco,23 May 1982,Riccardo Patrese,Brabham Ford,76,1:54:11.259,,1:26.354,1982
366,,Detroit,06 Jun 1982,John Watson,McLaren Ford,62,1:58:41.043,,1:50.438,1982
367,,Canada,13 Jun 1982,Nelson Piquet,Brabham BMW,70,1:46:39.577,,1:28.323,1982
368,,Netherlands,03 Jul 1982,Didier Pironi,Ferrari,72,1:38:03.254,,1:19.780,1982
369,,Great Britain,18 Jul 1982,Niki Lauda,McLaren Ford,76,1:35:33.812,,1:13.028,1982
370,,France,25 Jul 1982,Rene Arnoux,Renault,54,1:33:33.217,,1:40.075,1982
371,,Germany,08 Aug 1982,Patrick Tambay,Ferrari,45,1:27:25.178,,1:54.035,1982
372,,Austria,15 Aug 1982,Elio deAngelis,Lotus Ford,53,1:25:02.212,,1:33.699,1982
373,,Switzerland,29 Aug 1982,Keke Rosberg,Williams Ford,80,1:32:41.087,,1:07.477,1982
374,,Italy,12 Sep 1982,Rene Arnoux,Renault,52,1:22:25.734,,1:33.619,1982
375,,Caesar's Palace,25 Sep 1982,Michele Alboreto,Tyrrell Ford,75,1:41:56.888,,1:19.639,1982
376,,Brazil,13 Mar 1983,Nelson Piquet,Brabham BMW,63,1:48:27.731,,1:39.829,1983
377,,USA West,27 Mar 1983,John Watson,McLaren Ford,75,1:53:34.889,,1:28.330,1983
378,,France,17 Apr 1983,Alain Prost,Renault,54,1:34:13.913,,1:42.695,1983
379,,San Marino,01 May 1983,Patrick Tambay,Ferrari,60,1:37:52.460,,1:34.437,1983
380,,Monaco,15 May 1983,Keke Rosberg,Williams Ford,76,1:56:38.121,,1:27.283,1983
381,,Belgium,22 May 1983,Alain Prost,Renault,40,1:27:11.502,,2:07.493,1983
382,,Detroit,05 Jun 1983,Michele Alboreto,Tyrrell Ford,60,1:50:53.669,,1:47.668,1983
383,,Canada,12 Jun 1983,Rene Arnoux,Ferrari,70,1:48:31.838,,1:30.851,1983
384,,Great Britain,16 Jul 1983,Alain Prost,Renault,67,1:24:39.780,,1:14.212,1983
385,,Germany,07 Aug 1983,Rene Arnoux,Ferrari,45,1:27:10.319,,1:53.938,1983
386,,Austria,14 Aug 1983,Alain Prost,Renault,53,1:24:32.745,,1:33.961,1983
387,,Netherlands,28 Aug 1983,Rene Arnoux,Ferrari,72,1:38:41.950,,1:19.863,1983
388,,Italy,11 Sep 1983,Nelson Piquet,Brabham BMW,52,1:23:10.880,,1:34.431,1983
389,,Europe,25 Sep 1983,Nelson Piquet,Brabham BMW,76,1:36:45.865,,1:14.342,1983
390,,South Africa,15 Oct 1983,Riccardo Patrese,Brabham BMW,77,1:33:25.708,,1:09.948,1983
391,,Brazil,25 Mar 1984,Alain Prost,McLaren TAG,61,1:42:34.492,,1:36.499,1984
392,,South Africa,07 Apr 1984,Niki Lauda,McLaren TAG,75,1:29:23.430,,1:08.877,1984
393,,Belgium,29 Apr 1984,Michele Alboreto,Ferrari,70,1:36:32.048,,1:19.294,1984
394,,San Marino,06 May 1984,Alain Prost,McLaren TAG,60,1:36:53.679,,1:33.275,1984
395,,France,20 May 1984,Niki Lauda,McLaren TAG,79,1:31:11.951,,1:05.257,1984
396,,Monaco,03 Jun 1984,Alain Prost,McLaren TAG,31,1:01:07.740,,1:54.334,1984
397,,Canada,17 Jun 1984,Nelson Piquet,Brabham BMW,70,1:46:23.748,,1:28.763,1984
398,,Detroit,24 Jun 1984,Nelson Piquet,Brabham BMW,63,1:55:41.842,,1:46.221,1984
399,,Dallas,08 Jul 1984,Keke Rosberg,Williams Honda,67,2:01:22.617,,1:45.353,1984
400,,Great Britain,22 Jul 1984,Niki Lauda,McLaren TAG,71,1:29:28.532,,1:13.191,1984
401,,Germany,05 Aug 1984,Alain Prost,McLaren TAG,44,1:24:43.210,,1:53.538,1984
402,,Austria,19 Aug 1984,Niki Lauda,McLaren TAG,51,1:21:12.851,,1:32.882,1984
403,,Netherlands,26 Aug 1984,Alain Prost,McLaren TAG,71,1:37:21.468,,1:19.465,1984
404,,Italy,09 Sep 1984,Niki Lauda,McLaren TAG,51,1:20:29.065,,1:31.912,1984
405,,Europe,07 Oct 1984,Alain Prost,McLaren TAG,67,1:35:13.284,,1:23.146,1984
406,,Portugal,21 Oct 1984,Alain Prost,McLaren TAG,70,1:41:11.753,,1:22.996,1984
407,,Brazil,07 Apr 1985,Alain Prost,McLaren TAG,61,1:41:26.115,,1:36.702,1985
408,,Portugal,21 Apr 1985,Ayrton Senna,Lotus Renault,67,2:00:28.006,,1:44.121,1985
409,,San Marino,05 May 1985,Elio deAngelis,Lotus Renault,60,1:34:35.955,,1:30.961,1985
410,,Monaco,19 May 1985,Alain Prost,McLaren TAG,78,1:51:58.034,,1:22.637,1985
411,,Canada,16 Jun 1985,Michele Alboreto,Ferrari,70,1:46:01.813,,1:27.445,1985
412,,Detroit,23 Jun 1985,Keke Rosberg,Williams Honda,63,1:55:39.851,,1:45.612,1985
413,,France,07 Jul 1985,Nelson Piquet,Brabham BMW,53,1:31:46.266,,1:39.914,1985
414,,Great Britain,21 Jul 1985,Alain Prost,McLaren TAG,65,1:18:10.436,,1:09.886,1985
415,,Germany,04 Aug 1985,Michele Alboreto,Ferrari,67,1:35:31.337,,1:22.806,1985
416,,Austria,18 Aug 1985,Alain Prost,McLaren TAG,52,1:20:12.583,,1:29.241,1985
417,,Netherlands,25 Aug 1985,Niki Lauda,McLaren TAG,70,1:32:29.263,,1:16.538,1985
418,,Italy,08 Sep 1985,Alain Prost,McLaren TAG,51,1:17:59.451,,1:28.283,1985
419,,Belgium,15 Sep 1985,Ayrton Senna,Lotus Renault,43,1:34:19.893,,2:01.730,1985
420,,Europe,06 Oct 1985,Nigel Mansell,Williams Honda,75,1:32:58.109,,1:11.526,1985
421,,South Africa,19 Oct 1985,Nigel Mansell,Williams Honda,75,1:28:22.866,,1:08.149,1985
422,,Australia,03 Nov 1985,Keke Rosberg,Williams Honda,82,2:00:40.473,,1:23.758,1985
423,,Brazil,23 Mar 1986,Nelson Piquet,Williams Honda,61,1:39:32.583,,1:33.546,1986
424,,Spain,13 Apr 1986,Ayrton Senna,Lotus Renault,72,1:48:47.735,,1:27.176,1986
425,,San Marino,27 Apr 1986,Alain Prost,McLaren TAG,60,1:32:28.408,,1:28.667,1986
426,,Monaco,11 May 1986,Alain Prost,McLaren TAG,78,1:55:41.060,,1:26.607,1986
427,,Belgium,25 May 1986,Nigel Mansell,Williams Honda,43,1:27:57.925,,1:59.282,1986
428,,Canada,15 Jun 1986,Nigel Mansell,Williams Honda,69,1:42:26.415,,1:25.443,1986
429,,Detroit,22 Jun 1986,Ayrton Senna,Lotus Renault,63,1:51:12.847,,1:41.233,1986
430,,France,06 Jul 1986,Nigel Mansell,Williams Honda,80,1:37:19.272,,1:09.993,1986
431,,Great Britain,13 Jul 1986,Nigel Mansell,Williams Honda,75,1:30:38.471,,1:09.593,1986
432,,Germany,27 Jul 1986,Nelson Piquet,Williams Honda,44,1:22:08.263,,1:46.604,1986
433,,Hungary,10 Aug 1986,Nelson Piquet,Williams Honda,76,2:00:34.508,,1:31.001,1986
434,,Austria,17 Aug 1986,Alain Prost,McLaren TAG,52,1:21:22.531,,1:29.444,1986
435,,Italy,07 Sep 1986,Nelson Piquet,Williams Honda,51,1:17:42.889,,1:28.099,1986
436,,Portugal,21 Sep 1986,Nigel Mansell,Williams Honda,70,1:37:21.900,,1:20.943,1986
437,,Mexico,12 Oct 1986,Gerhard Berger,Benetton BMW,68,1:33:18.700,,1:19.360,1986
438,,Australia,26 Oct 1986,Alain Prost,McLaren TAG,82,1:54:20.388,,1:20.787,1986
439,,Brazil,12 Apr 1987,Alain Prost,McLaren TAG,61,1:39:45.141,,1:33.861,1987
440,,San Marino,03 May 1987,Nigel Mansell,Williams Honda,59,1:31:24.076,,1:29.246,1987
441,,Belgium,17 May 1987,Alain Prost,McLaren TAG,43,1:27:03.217,,1:57.153,1987
442,,Monaco,31 May 1987,Ayrton Senna,Lotus Honda,78,1:57:54.085,,1:27.685,1987
443,,Detroit,21 Jun 1987,Ayrton Senna,Lotus Honda,63,1:50:16.358,,1:40.464,1987
444,,France,05 Jul 1987,Nigel Mansell,Williams Honda,80,1:37:03.839,,1:09.548,1987
445,,Great Britain,12 Jul 1987,Nigel Mansell,Williams Honda,65,1:19:11.780,,1:09.832,1987
446,,Germany,26 Jul 1987,Nelson Piquet,Williams Honda,44,1:21:25.091,,1:45.716,1987
447,,Hungary,09 Aug 1987,Nelson Piquet,Williams Honda,76,1:59:26.793,,1:30.149,1987
448,,Austria,16 Aug 1987,Nigel Mansell,Williams Honda,52,1:18:44.898,,1:28.318,1987
449,,Italy,06 Sep 1987,Nelson Piquet,Williams Honda,50,1:14:47.707,,1:26.796,1987
450,,Portugal,20 Sep 1987,Alain Prost,McLaren TAG,70,1:37:03.906,,1:19.282,1987
451,,Spain,27 Sep 1987,Nigel Mansell,Williams Honda,72,1:49:12.692,,1:26.986,1987
452,,Mexico,18 Oct 1987,Nigel Mansell,Williams Honda,63,1:26:24.207,,1:19.132,1987
453,,Japan,01 Nov 1987,Gerhard Berger,Ferrari,51,1:32:58.072,,1:43.844,1987
454,,Australia,15 Nov 1987,Gerhard Berger,Ferrari,82,1:52:56.144,,1:20.416,1987
455,,Brazil,03 Apr 1988,Alain Prost,McLaren Honda,60,1:36:06.857,,1:32.943,1988
456,,San Marino,01 May 1988,Ayrton Senna,McLaren Honda,60,1:32:41.264,,1:29.685,1988
457,,Monaco,15 May 1988,Alain Prost,McLaren Honda,78,1:57:17.077,,1:26.321,1988
458,,Mexico,29 May 1988,Alain Prost,McLaren Honda,67,1:30:15.737,,1:18.608,1988
459,,Canada,12 Jun 1988,Ayrton Senna,McLaren Honda,69,1:39:46.618,,1:24.973,1988
460,,Detroit,19 Jun 1988,Ayrton Senna,McLaren Honda,63,1:54:56.035,,1:44.836,1988
461,,France,03 Jul 1988,Alain Prost,McLaren Honda,80,1:37:37.328,,1:11.737,1988
462,,Great Britain,10 Jul 1988,Ayrton Senna,McLaren Honda,65,1:33:16.367,,1:23.308,1988
463,,Germany,24 Jul 1988,Ayrton Senna,McLaren Honda,44,1:32:54.188,,2:03.032,1988
464,,Hungary,07 Aug 1988,Ayrton Senna,McLaren Honda,76,1:57:47.081,,1:30.639,1988
465,,Belgium,28 Aug 1988,Ayrton Senna,McLaren Honda,43,1:28:00.549,,2:00.772,1988
466,,Italy,11 Sep 1988,Gerhard Berger,Ferrari,51,1:17:39.744,,1:29.070,1988
467,,Portugal,25 Sep 1988,Alain Prost,McLaren Honda,70,1:37:40.958,,1:21.961,1988
468,,Spain,02 Oct 1988,Alain Prost,McLaren Honda,72,1:48:43.851,,1:27.845,1988
469,,Japan,30 Oct 1988,Ayrton Senna,McLaren Honda,51,1:33:26.173,,1:46.326,1988
470,,Australia,13 Nov 1988,Alain Prost,McLaren Honda,82,1:53:14.676,,1:21.216,1988
471,,Brazil,26 Mar 1989,Nigel Mansell,Ferrari,61,1:38:58.744,,1:32.507,1989
472,,San Marino,23 Apr 1989,Ayrton Senna,McLaren Honda,58,1:26:51.245,,1:26.795,1989
473,,Monaco,07 May 1989,Ayrton Senna,McLaren Honda,77,1:53:33.251,,1:25.501,1989
474,,Mexico,28 May 1989,Ayrton Senna,McLaren Honda,69,1:35:21.431,,1:20.420,1989
475,,United States,04 Jun 1989,Alain Prost,McLaren Honda,75,2:01:33.133,,1:33.969,1989
476,,Canada,18 Jun 1989,Thierry Boutsen,Williams Renault,69,2:01:24.073,,1:31.925,1989
477,,France,09 Jul 1989,Alain Prost,McLaren Honda,80,1:38:29.411,,1:12.090,1989
478,,Great Britain,16 Jul 1989,Alain Prost,McLaren Honda,64,1:19:22.131,,1:12.017,1989
479,,Germany,30 Jul 1989,Ayrton Senna,McLaren Honda,45,1:21:43.302,,1:45.884,1989
480,,Hungary,13 Aug 1989,Nigel Mansell,Ferrari,77,1:49:38.650,,1:22.637,1989
481,,Belgium,27 Aug 1989,Ayrton Senna,McLaren Honda,44,1:40:54.196,,2:11.571,1989
482,,Italy,10 Sep 1989,Alain Prost,McLaren Honda,53,1:19:27.550,,1:28.107,1989
483,,Portugal,24 Sep 1989,Gerhard Berger,Ferrari,71,1:36:48.546,,1:18.986,1989
484,,Spain,01 Oct 1989,Ayrton Senna,McLaren Honda,72,1:47:48.264,,1:25.779,1989
485,,Japan,22 Oct 1989,Alessandro Nannini,Benetton Ford,53,1:35:06.277,,1:43.506,1989
486,,Australia,05 Nov 1989,Thierry Boutsen,Williams Renault,70,2:00:17.421,,1:38.480,1989
487,,United States,11 Mar 1990,Ayrton Senna,McLaren Honda,72,1:52:32.829,,1:31.050,1990
488,,Brazil,25 Mar 1990,Alain Prost,Ferrari,71,1:37:21.258,,1:19.899,1990
489,,San Marino,13 May 1990,Riccardo Patrese,Williams Renault,61,1:30:55.478,,1:27.156,1990
490,,Monaco,27 May 1990,Ayrton Senna,McLaren Honda,78,1:52:46.982,,1:24.468,1990
491,,Canada,10 Jun 1990,Ayrton Senna,McLaren Honda,70,1:42:56.400,,1:22.077,1990
492,,Mexico,24 Jun 1990,Alain Prost,Ferrari,69,1:32:35.783,,1:17.958,1990
493,,France,08 Jul 1990,Alain Prost,Ferrari,80,1:33:29.606,,1:08.012,1990
494,,Great Britain,15 Jul 1990,Alain Prost,Ferrari,64,1:18:30.999,,1:11.291,1990
495,,Germany,29 Jul 1990,Ayrton Senna,McLaren Honda,45,1:20:47.164,,1:45.602,1990
496,,Hungary,12 Aug 1990,Thierry Boutsen,Williams Renault,77,1:49:30.597,,1:22.058,1990
497,,Belgium,26 Aug 1990,Ayrton Senna,McLaren Honda,44,1:26:31.997,,1:55.087,1990
498,,Italy,09 Sep 1990,Ayrton Senna,McLaren Honda,53,1:17:57.878,,1:26.254,1990
499,,Portugal,23 Sep 1990,Nigel Mansell,Ferrari,61,1:22:11.014,,1:18.306,1990
500,,Spain,30 Sep 1990,Alain Prost,Ferrari,73,1:48:01.461,,1:24.513,1990
501,,Japan,21 Oct 1990,Nelson Piquet,Benetton Ford,53,1:34:36.824,,1:44.233,1990
502,,Australia,04 Nov 1990,Nelson Piquet,Benetton Ford,81,1:49:44.570,,1:18.203,1990
503,,United States,10 Mar 1991,Ayrton Senna,McLaren Honda,81,2:00:47.828,,1:26.758,1991
504,,Brazil,24 Mar 1991,Ayrton Senna,McLaren Honda,71,1:38:28.128,,1:20.436,1991
505,,San Marino,28 Apr 1991,Ayrton Senna,McLaren Honda,61,1:35:14.750,,1:26.531,1991
506,,Monaco,12 May 1991,Ayrton Senna,McLaren Honda,78,1:53:02.334,,1:24.368,1991
507,,Canada,02 Jun 1991,Nelson Piquet,Benetton Ford,69,1:38:51.490,,1:22.385,1991
508,,Mexico,16 Jun 1991,Riccardo Patrese,Williams Renault,67,1:29:52.205,,1:16.788,1991
509,,France,07 Jul 1991,Nigel Mansell,Williams Renault,72,1:38:00.056,,1:19.168,1991
510,,Great Britain,14 Jul 1991,Nigel Mansell,Williams Renault,59,1:27:35.479,,1:26.379,1991
511,,Germany,28 Jul 1991,Nigel Mansell,Williams Renault,45,1:19:29.661,,1:43.569,1991
512,,Hungary,11 Aug 1991,Ayrton Senna,McLaren Honda,77,1:49:12.796,,1:21.547,1991
513,,Belgium,25 Aug 1991,Ayrton Senna,McLaren Honda,44,1:27:17.669,,1:55.161,1991
514,,Italy,08 Sep 1991,Nigel Mansell,Williams Renault,53,1:17:54.319,,1:26.061,1991
515,,Portugal,22 Sep 1991,Riccardo Patrese,Williams Renault,71,1:35:42.304,,1:18.179,1991
516,,Spain,29 Sep 1991,Nigel Mansell,Williams Renault,65,1:38:41.541,,1:22.837,1991
517,,Japan,20 Oct 1991,Gerhard Berger,McLaren Honda,53,1:32:10.695,,1:41.532,1991
518,,Australia,03 Nov 1991,Ayrton Senna,McLaren Honda,14,24:34.899,,1:41.141,1991
519,,South Africa,01 Mar 1992,Nigel Mansell,Williams Renault,72,1:36:45.320,,1:17.578,1992
520,,Mexico,22 Mar 1992,Nigel Mansell,Williams Renault,69,1:31:53.587,,1:17.711,1992
521,,Brazil,05 Apr 1992,Nigel Mansell,Williams Renault,71,1:36:51.856,,1:19.490,1992
522,,Spain,03 May 1992,Nigel Mansell,Williams Renault,65,1:56:10.674,,1:42.503,1992
523,,San Marino,17 May 1992,Nigel Mansell,Williams Renault,60,1:28:40.927,,1:26.100,1992
524,,Monaco,31 May 1992,Ayrton Senna,McLaren Honda,78,1:50:59.372,,1:21.598,1992
525,,Canada,14 Jun 1992,Gerhard Berger,McLaren Honda,69,1:37:08.299,,1:22.325,1992
526,,France,05 Jul 1992,Nigel Mansell,Williams Renault,69,1:38:08.459,,1:17.070,1992
527,,Great Britain,12 Jul 1992,Nigel Mansell,Williams Renault,59,1:25:42.991,,1:22.539,1992
528,,Germany,26 Jul 1992,Nigel Mansell,Williams Renault,45,1:18:22.032,,1:41.591,1992
529,,Hungary,16 Aug 1992,Ayrton Senna,McLaren Honda,77,1:46:19.216,,1:18.308,1992
530,,Belgium,30 Aug 1992,Michael Schumacher,Benetton Ford,44,1:36:10.721,,1:53.791,1992
531,,Italy,13 Sep 1992,Ayrton Senna,McLaren Honda,53,1:18:15.349,,1:26.119,1992
532,,Portugal,27 Sep 1992,Nigel Mansell,Williams Renault,71,1:34:46.659,,1:16.272,1992
533,,Japan,25 Oct 1992,Riccardo Patrese,Williams Renault,53,1:33:09.553,,1:40.646,1992
534,,Australia,08 Nov 1992,Gerhard Berger,McLaren Honda,82,1:46:54.786,,1:16.078,1992
535,,South Africa,14 Mar 1993,Alain Prost,Williams Renault,72,1:38:45.082,,1:19.492,1993
536,,Brazil,28 Mar 1993,Ayrton Senna,McLaren Ford,71,1:51:15.485,,1:20.024,1993
537,,Europe,11 Apr 1993,Ayrton Senna,McLaren Ford,76,1:50:46.570,,1:18.029,1993
538,,San Marino,25 Apr 1993,Alain Prost,Williams Renault,61,1:33:20.413,,1:26.128,1993
539,,Spain,09 May 1993,Alain Prost,Williams Renault,65,1:32:27.685,,1:20.989,1993
540,,Monaco,23 May 1993,Ayrton Senna,McLaren Ford,78,1:52:10.947,,1:23.604,1993
541,,Canada,13 Jun 1993,Alain Prost,Williams Renault,69,1:36:41.822,,1:21.500,1993
542,,France,04 Jul 1993,Alain Prost,Williams Renault,72,1:38:35.241,,1:19.256,1993
543,,Great Britain,11 Jul 1993,Alain Prost,Williams Renault,59,1:25:38.189,,1:22.515,1993
544,,Germany,25 Jul 1993,Alain Prost,Williams Renault,45,1:18:40.885,,1:41.859,1993
545,,Hungary,15 Aug 1993,Damon Hill,Williams Renault,77,1:47:39.098,,1:19.633,1993
546,,Belgium,29 Aug 1993,Damon Hill,Williams Renault,44,1:24:32.124,,1:51.095,1993
547,,Italy,12 Sep 1993,Damon Hill,Williams Renault,53,1:17:07.509,,1:23.575,1993
548,,Portugal,26 Sep 1993,Michael Schumacher,Benetton Ford,71,1:32:46.309,,1:14.859,1993
549,,Japan,24 Oct 1993,Ayrton Senna,McLaren Ford,53,1:40:27.912,,1:41.176,1993
550,,Australia,07 Nov 1993,Ayrton Senna,McLaren Ford,79,1:43:27.476,,1:15.381,1993
551,,Brazil,27 Mar 1994,Michael Schumacher,Benetton Ford,71,1:35:38.759,,1:18.455,1994
552,,Pacific,17 Apr 1994,Michael Schumacher,Benetton Ford,83,1:46:01.693,,1:14.023,1994
553,,San Marino,01 May 1994,Michael Schumacher,Benetton Ford,58,1:28:28.642,,1:24.335,1994
554,,Monaco,15 May 1994,Michael Schumacher,Benetton Ford,78,1:49:55.372,,1:21.076,1994
555,,Spain,29 May 1994,Damon Hill,Williams Renault,65,1:36:14.374,,1:25.155,1994
556,,Canada,12 Jun 1994,Michael Schumacher,Benetton Ford,69,1:44:31.887,,1:28.927,1994
557,,France,03 Jul 1994,Michael Schumacher,Benetton Ford,72,1:38:35.704,,1:19.678,1994
558,,Great Britain,10 Jul 1994,Damon Hill,Williams Renault,60,1:30:03.640,,1:27.100,1994
559,,Germany,31 Jul 1994,Gerhard Berger,Ferrari,45,1:22:37.272,,1:46.211,1994
560,,Hungary,14 Aug 1994,Michael Schumacher,Benetton Ford,77,1:48:00.185,,1:20.881,1994
561,,Belgium,28 Aug 1994,Damon Hill,Williams Renault,44,1:28:47.170,,1:57.117,1994
562,,Italy,11 Sep 1994,Damon Hill,Williams Renault,53,1:18:02.754,,1:25.930,1994
563,,Portugal,25 Sep 1994,Damon Hill,Williams Renault,71,1:41:10.165,,1:22.446,1994
564,,Europe,16 Oct 1994,Michael Schumacher,Benetton Ford,69,1:40:26.689,,1:25.040,1994
565,,Japan,06 Nov 1994,Damon Hill,Williams Renault,50,1:55:53.532,,1:56.597,1994
566,,Australia,13 Nov 1994,Nigel Mansell,Williams Renault,81,1:47:51.480,,1:17.140,1994
567,,Brazil,26 Mar 1995,Michael Schumacher,Benetton Renault,71,1:38:34.154,,1:20.921,1995
568,,Argentina,09 Apr 1995,Damon Hill,Williams Renault,71,1:51:39.531,,1:30.522,1995
569,,San Marino,30 Apr 1995,Damon Hill,Williams Renault,63,1:41:42.552,,1:29.568,1995
570,,Spain,14 May 1995,Michael Schumacher,Benetton Renault,65,1:34:20.507,,1:24.531,1995
571,,Monaco,28 May 1995,Michael Schumacher,Benetton Renault,78,1:53:11.258,,1:24.621,1995
572,,Canada,11 Jun 1995,Jean Alesi,Ferrari,69,1:46:31.333,,1:29.174,1995
573,,France,02 Jul 1995,Michael Schumacher,Benetton Renault,72,1:38:28.429,,1:20.218,1995
574,,Great Britain,16 Jul 1995,Johnny Herbert,Benetton Renault,61,1:34:35.093,,1:29.752,1995
575,,Germany,30 Jul 1995,Michael Schumacher,Benetton Renault,45,1:22:56.043,,1:48.824,1995
576,,Hungary,13 Aug 1995,Damon Hill,Williams Renault,77,1:46:25.721,,1:20.247,1995
577,,Belgium,27 Aug 1995,Michael Schumacher,Benetton Renault,44,1:36:47.875,,1:53.412,1995
578,,Italy,10 Sep 1995,Johnny Herbert,Benetton Renault,53,1:18:27.916,,1:26.419,1995
579,,Portugal,24 Sep 1995,David Coulthard,Williams Renault,71,1:41:52.145,,1:23.220,1995
580,,Europe,01 Oct 1995,Michael Schumacher,Benetton Renault,67,1:39:59.044,,1:21.180,1995
581,,Pacific,22 Oct 1995,Michael Schumacher,Benetton Renault,83,1:48:49.972,,1:16.374,1995
582,,Japan,29 Oct 1995,Michael Schumacher,Benetton Renault,53,1:36:52.930,,1:42.976,1995
583,,Australia,12 Nov 1995,Damon Hill,Williams Renault,81,1:49:15.946,,1:17.943,1995
584,,Australia,10 Mar 1996,Damon Hill,Williams Renault,58,1:32:50.491,,1:33.421,1996
585,,Brazil,31 Mar 1996,Damon Hill,Williams Renault,71,1:49:52.976,,1:21.547,1996
586,,Argentina,07 Apr 1996,Damon Hill,Williams Renault,72,1:54:55.322,,1:29.413,1996
587,,Europe,28 Apr 1996,Jacques Villeneuve,Williams Renault,67,1:33:26.473,,1:21.363,1996
588,,San Marino,05 May 1996,Damon Hill,Williams Renault,63,1:35:26.156,,1:28.931,1996
589,,Monaco,19 May 1996,Olivier Panis,Ligier Mugen Honda,75,2:00:45.629,,1:25.205,1996
590,,Spain,02 Jun 1996,Michael Schumacher,Ferrari,65,1:59:49.307,,1:45.517,1996
591,,Canada,16 Jun 1996,Damon Hill,Williams Renault,69,1:36:03.465,,1:21.916,1996
592,,France,30 Jun 1996,Damon Hill,Williams Renault,72,1:36:28.795,,1:18.610,1996
593,,Great Britain,14 Jul 1996,Jacques Villeneuve,Williams Renault,61,1:33:00.874,,1:29.288,1996
594,,Germany,28 Jul 1996,Damon Hill,Williams Renault,45,1:21:43.417,,1:46.504,1996
595,,Hungary,11 Aug 1996,Jacques Villeneuve,Williams Renault,77,1:46:21.134,,1:20.093,1996
596,,Belgium,25 Aug 1996,Michael Schumacher,Ferrari,44,1:28:15.125,,1:53.067,1996
597,,Italy,08 Sep 1996,Michael Schumacher,Ferrari,53,1:17:43.632,,1:26.110,1996
598,,Portugal,22 Sep 1996,Jacques Villeneuve,Williams Renault,70,1:40:22.915,,1:22.873,1996
599,,Japan,13 Oct 1996,Damon Hill,Williams Renault,52,1:32:33.791,,1:44.043,1996
600,,Australia,09 Mar 1997,David Coulthard,McLaren Mercedes,58,1:30:28.718,,1:30.585,1997
601,,Brazil,30 Mar 1997,Jacques Villeneuve,Williams Renault,72,1:36:06.990,,1:18.397,1997
602,,Argentina,13 Apr 1997,Jacques Villeneuve,Williams Renault,72,1:52:01.715,,1:27.981,1997
603,,San Marino,27 Apr 1997,Heinz-Harald Frentzen,Williams Renault,62,1:31:00.673,,1:25.531,1997
604,,Monaco,11 May 1997,Michael Schumacher,Ferrari,62,2:00:05.654,,1:53.315,1997
605,,Spain,25 May 1997,Jacques Villeneuve,Williams Renault,64,1:30:35.896,,1:22.242,1997
606,,Canada,15 Jun 1997,Michael Schumacher,Ferrari,54,1:17:40.646,,1:19.635,1997
607,,France,29 Jun 1997,Michael Schumacher,Ferrari,72,1:38:50.492,,1:17.910,1997
608,,Great Britain,13 Jul 1997,Jacques Villeneuve,Williams Renault,59,1:28:01.665,,1:24.475,1997
609,,Germany,27 Jul 1997,Gerhard Berger,Benetton Renault,45,1:20:59.046,,1:45.747,1997
610,,Hungary,10 Aug 1997,Jacques Villeneuve,Williams Renault,77,1:45:47.149,,1:18.372,1997
611,,Belgium,24 Aug 1997,Michael Schumacher,Ferrari,44,1:33:46.717,,1:52.692,1997
612,,Italy,07 Sep 1997,David Coulthard,McLaren Mercedes,53,1:17:04.609,,1:24.808,1997
613,,Austria,21 Sep 1997,Jacques Villeneuve,Williams Renault,71,1:27:35.999,,1:11.814,1997
614,,Luxembourg,28 Sep 1997,Jacques Villeneuve,Williams Renault,67,1:31:27.843,,1:18.805,1997
615,,Japan,12 Oct 1997,Michael Schumacher,Ferrari,53,1:29:48.446,,1:38.942,1997
616,,Europe,26 Oct 1997,Mika Hakkinen,McLaren Mercedes,69,1:38:57.771,,1:23.135,1997
617,,Australia,08 Mar 1998,Mika Hakkinen,McLaren Mercedes,58,1:31:45.996,,1:31.649,1998
618,,Brazil,29 Mar 1998,Mika Hakkinen,McLaren Mercedes,72,1:37:11.747,,1:19.337,1998
619,,Argentina,12 Apr 1998,Michael Schumacher,Ferrari,72,1:48:36.175,,1:28.179,1998
620,,San Marino,26 Apr 1998,David Coulthard,McLaren Mercedes,62,1:34:24.593,,1:29.345,1998
621,,Spain,10 May 1998,Mika Hakkinen,McLaren Mercedes,65,1:33:37.621,,1:24.275,1998
622,,Monaco,24 May 1998,Mika Hakkinen,McLaren Mercedes,78,1:51:23.595,,1:22.948,1998
623,,Canada,07 Jun 1998,Michael Schumacher,Ferrari,69,1:40:57.355,,1:19.379,1998
624,,France,28 Jun 1998,Michael Schumacher,Ferrari,71,1:34:45.026,,1:17.523,1998
625,,Great Britain,12 Jul 1998,Michael Schumacher,Ferrari,60,1:47:02.450,,1:35.704,1998
626,,Austria,26 Jul 1998,Mika Hakkinen,McLaren Mercedes,71,1:30:44.086,,1:12.878,1998
627,,Germany,02 Aug 1998,Mika Hakkinen,McLaren Mercedes,45,1:20:47.984,,1:46.116,1998
628,,Hungary,16 Aug 1998,Michael Schumacher,Ferrari,77,1:45:25.550,,1:19.286,1998
629,,Belgium,30 Aug 1998,Damon Hill,Jordan Mugen Honda,44,1:43:47.407,,2:03.766,1998
630,,Italy,13 Sep 1998,Michael Schumacher,Ferrari,53,1:17:09.672,,1:25.139,1998
631,,Luxembourg,27 Sep 1998,Mika Hakkinen,McLaren Mercedes,67,1:32:14.789,,1:20.450,1998
632,,Japan,01 Nov 1998,Mika Hakkinen,McLaren Mercedes,51,1:27:22.535,,1:40.190,1998
633,,Australia,07 Mar 1999,Eddie Irvine,Ferrari,57,1:35:01.659,,1:32.112,1999
634,,Brazil,11 Apr 1999,Mika Hakkinen,McLaren Mercedes,72,1:36:03.785,,1:18.448,1999
635,,San Marino,02 May 1999,Michael Schumacher,Ferrari,62,1:33:44.792,,1:28.547,1999
636,,Monaco,16 May 1999,Michael Schumacher,Ferrari,78,1:49:31.812,,1:22.259,1999
637,,Spain,30 May 1999,Mika Hakkinen,McLaren Mercedes,65,1:34:13.665,,1:24.982,1999
638,,Canada,13 Jun 1999,Mika Hakkinen,McLaren Mercedes,69,1:41:35.727,,1:20.382,1999
639,,France,27 Jun 1999,Heinz-Harald Frentzen,Jordan Mugen Honda,72,1:58:24.343,,1:19.227,1999
640,,Great Britain,11 Jul 1999,David Coulthard,McLaren Mercedes,60,1:32:30.144,,1:28.309,1999
641,,Austria,25 Jul 1999,Eddie Irvine,Ferrari,71,1:28:12.438,,1:12.107,1999
642,,Germany,01 Aug 1999,Eddie Irvine,Ferrari,45,1:21:58.594,,1:45.270,1999
643,,Hungary,15 Aug 1999,Mika Hakkinen,McLaren Mercedes,77,1:46:23.536,,1:20.699,1999
644,,Belgium,29 Aug 1999,David Coulthard,McLaren Mercedes,44,1:25:43.057,,1:53.955,1999
645,,Italy,12 Sep 1999,Heinz-Harald Frentzen,Jordan Mugen Honda,53,1:17:02.923,,1:25.579,1999
646,,Europe,26 Sep 1999,Johnny Herbert,Stewart Ford,66,1:41:54.314,,1:21.282,1999
647,,Malaysia,17 Oct 1999,Eddie Irvine,Ferrari,56,1:36:38.494,,1:40.631,1999
648,,Japan,31 Oct 1999,Mika Hakkinen,McLaren Mercedes,53,1:31:18.785,,1:41.319,1999
649,,Australia,12 Mar 2000,Michael Schumacher,Ferrari,58,1:34:01.987,,1:31.481,2000
650,,Brazil,26 Mar 2000,Michael Schumacher,Ferrari,71,1:31:35.271,,1:14.755,2000
651,,San Marino,09 Apr 2000,Michael Schumacher,Ferrari,62,1:31:39.776,,1:26.523,2000
652,,Great Britain,23 Apr 2000,David Coulthard,McLaren Mercedes,60,1:28:50.108,,1:26.217,2000
653,,Spain,07 May 2000,Mika Hakkinen,McLaren Mercedes,65,1:33:55.390,,1:24.470,2000
654,,Europe,21 May 2000,Michael Schumacher,Ferrari,67,1:42:00.307,,1:22.269,2000
655,,Monaco,04 Jun 2000,David Coulthard,McLaren Mercedes,78,1:49:28.213,,1:21.571,2000
656,,Canada,18 Jun 2000,Michael Schumacher,Ferrari,69,1:41:12.313,,1:19.049,2000
657,,France,02 Jul 2000,David Coulthard,McLaren Mercedes,72,1:38:05.538,,1:19.479,2000
658,,Austria,16 Jul 2000,Mika Hakkinen,McLaren Mercedes,71,1:28:15.818,,1:11.783,2000
659,,Germany,30 Jul 2000,Rubens Barrichello,Ferrari,45,1:25:34.418,,1:44.300,2000
660,,Hungary,13 Aug 2000,Mika Hakkinen,McLaren Mercedes,77,1:45:33.869,,1:20.028,2000
661,,Belgium,27 Aug 2000,Mika Hakkinen,McLaren Mercedes,44,1:28:14.494,,1:53.803,2000
662,,Italy,10 Sep 2000,Michael Schumacher,Ferrari,53,1:27:31.638,,1:25.595,2000
663,,United States,24 Sep 2000,Michael Schumacher,Ferrari,73,1:36:30.883,,1:14.711,2000
664,,Japan,08 Oct 2000,Michael Schumacher,Ferrari,53,1:29:53.435,,1:39.189,2000
665,,Malaysia,22 Oct 2000,Michael Schumacher,Ferrari,56,1:35:54.235,,1:38.543,2000
666,,Australia,04 Mar 2001,Michael Schumacher,Ferrari,58,1:38:26.533,,1:28.214,2001
667,,Malaysia,18 Mar 2001,Michael Schumacher,Ferrari,55,1:47:34.801,,1:40.962,2001
668,,Brazil,01 Apr 2001,David Coulthard,McLaren Mercedes,71,1:39:00.834,,1:15.693,2001
669,,San Marino,15 Apr 2001,Ralf Schumacher,Williams BMW,62,1:30:44.817,,1:25.524,2001
670,,Spain,29 Apr 2001,Michael Schumacher,Ferrari,65,1:31:03.305,,1:21.151,2001
671,,Austria,13 May 2001,David Coulthard,McLaren Mercedes,71,1:27:45.927,,1:10.843,2001
672,,Monaco,27 May 2001,Michael Schumacher,Ferrari,78,1:47:22.561,,1:19.424,2001
673,,Canada,10 Jun 2001,Ralf Schumacher,Williams BMW,69,1:34:31.522,,1:17.205,2001
674,,Europe,24 Jun 2001,Michael Schumacher,Ferrari,67,1:29:42.724,,1:18.354,2001
675,,France,01 Jul 2001,Michael Schumacher,Ferrari,72,1:33:35.636,,1:16.088,2001
676,,Great Britain,15 Jul 2001,Mika Hakkinen,McLaren Mercedes,60,1:25:33.770,,1:23.405,2001
677,,Germany,29 Jul 2001,Ralf Schumacher,Williams BMW,45,1:18:17.873,,1:41.808,2001
678,,Hungary,19 Aug 2001,Michael Schumacher,Ferrari,77,1:41:49.675,,1:16.723,2001
679,,Belgium,02 Sep 2001,Michael Schumacher,Ferrari,36,1:08:05.002,,1:49.758,2001
680,,Italy,16 Sep 2001,JuanPablo Montoya,Williams BMW,53,1:16:58.493,,1:25.073,2001
681,,United States,30 Sep 2001,Mika Hakkinen,McLaren Mercedes,73,1:32:42.840,,1:14.448,2001
682,,Japan,14 Oct 2001,Michael Schumacher,Ferrari,53,1:27:33.298,,1:36.944,2001
683,,Australia,03 Mar 2002,Michael Schumacher,Ferrari,58,1:35:36.792,,1:28.541,2002
684,,Malaysia,17 Mar 2002,Ralf Schumacher,Williams BMW,56,1:34:12.912,,1:38.049,2002
685,,Brazil,31 Mar 2002,Michael Schumacher,Ferrari,71,1:31:43.663,,1:16.079,2002
686,,San Marino,14 Apr 2002,Michael Schumacher,Ferrari,62,1:29:10.789,,1:24.170,2002
687,,Spain,28 Apr 2002,Michael Schumacher,Ferrari,65,1:30:29.981,,1:20.355,2002
688,,Austria,12 May 2002,Michael Schumacher,Ferrari,71,1:33:51.562,,1:09.298,2002
689,,Monaco,26 May 2002,David Coulthard,McLaren Mercedes,78,1:45:39.055,,1:18.023,2002
690,,Canada,09 Jun 2002,Michael Schumacher,Ferrari,70,1:33:36.111,,1:15.960,2002
691,,Europe,23 Jun 2002,Rubens Barrichello,Ferrari,60,1:35:07.426,,1:32.226,2002
692,,Great Britain,07 Jul 2002,Michael Schumacher,Ferrari,60,1:31:45.015,,1:23.083,2002
693,,France,21 Jul 2002,Michael Schumacher,Ferrari,72,1:32:09.837,,1:15.045,2002
694,,Germany,28 Jul 2002,Michael Schumacher,Ferrari,67,1:27:52.078,,1:16.462,2002
695,,Hungary,18 Aug 2002,Rubens Barrichello,Ferrari,77,1:41:49.001,,1:16.207,2002
696,,Belgium,01 Sep 2002,Michael Schumacher,Ferrari,44,1:21:20.634,,1:47.176,2002
697,,Italy,15 Sep 2002,Rubens Barrichello,Ferrari,53,1:16:19.982,,1:23.657,2002
698,,United States,29 Sep 2002,Rubens Barrichello,Ferrari,73,1:31:07.934,,1:12.738,2002
699,,Japan,13 Oct 2002,Michael Schumacher,Ferrari,53,1:26:59.698,,1:36.125,2002
700,,Australia,09 Mar 2003,David Coulthard,McLaren Mercedes,58,1:34:42.124,,1:27.724,2003
701,,Malaysia,23 Mar 2003,Kimi Rikknen,McLaren Mercedes,56,1:32:22.195,,1:36.412,2003
702,,Brazil,06 Apr 2003,Giancarlo Fisichella,Jordan Ford,54,1:31:17.748,,1:22.032,2003
703,,San Marino,20 Apr 2003,Michael Schumacher,Ferrari,62,1:28:12.058,,1:22.491,2003
704,,Spain,04 May 2003,Michael Schumacher,Ferrari,65,1:33:46.933,,1:20.143,2003
705,,Austria,18 May 2003,Michael Schumacher,Ferrari,69,1:24:04.888,,1:08.337,2003
706,,Monaco,01 Jun 2003,JuanPablo Montoya,Williams BMW,78,1:42:19.010,,1:14.545,2003
707,,Canada,15 Jun 2003,Michael Schumacher,Ferrari,70,1:31:13.591,,1:16.040,2003
708,,Europe,29 Jun 2003,Ralf Schumacher,Williams BMW,60,1:34:43.622,,1:32.621,2003
709,,France,06 Jul 2003,Ralf Schumacher,Williams BMW,70,1:30:49.213,,1:15.512,2003
710,,Great Britain,20 Jul 2003,Rubens Barrichello,Ferrari,60,1:28:37.554,,1:22.236,2003
711,,Germany,03 Aug 2003,JuanPablo Montoya,Williams BMW,67,1:28:48.769,,1:14.917,2003
712,,Hungary,24 Aug 2003,Fernando Alonso,Renault,70,1:39:01.460,,1:22.095,2003
713,,Italy,14 Sep 2003,Michael Schumacher,Ferrari,53,1:14:19.838,,1:21.832,2003
714,,United States,28 Sep 2003,Michael Schumacher,Ferrari,73,1:33:35.997,,1:11.473,2003
715,,Japan,12 Oct 2003,Rubens Barrichello,Ferrari,53,1:25:11.743,,1:33.408,2003
716,,Australia,07 Mar 2004,Michael Schumacher,Ferrari,58,1:24:15.757,,1:24.125,2004
717,,Malaysia,21 Mar 2004,Michael Schumacher,Ferrari,56,1:31:07.490,,1:34.223,2004
718,,Bahrain,04 Apr 2004,Michael Schumacher,Ferrari,57,1:28:34.875,,1:30.252,2004
719,,San Marino,25 Apr 2004,Michael Schumacher,Ferrari,62,1:26:19.670,,1:20.411,2004
720,,Spain,09 May 2004,Michael Schumacher,Ferrari,66,1:27:32.841,,1:17.450,2004
721,,Monaco,23 May 2004,Jarno Trulli,Renault,77,1:45:46.601,,1:14.439,2004
722,,Europe,30 May 2004,Michael Schumacher,Ferrari,60,1:32:35.101,,1:29.468,2004
723,,Canada,13 Jun 2004,Michael Schumacher,Ferrari,70,1:28:24.803,,1:13.622,2004
724,,United States,20 Jun 2004,Michael Schumacher,Ferrari,73,1:40:29.914,,1:10.399,2004
725,,France,04 Jul 2004,Michael Schumacher,Ferrari,70,1:30:18.133,,1:15.377,2004
726,,Great Britain,11 Jul 2004,Michael Schumacher,Ferrari,60,1:24:42.700,,1:18.739,2004
727,,Germany,25 Jul 2004,Michael Schumacher,Ferrari,66,1:23:54.848,,1:13.780,2004
728,,Hungary,15 Aug 2004,Michael Schumacher,Ferrari,70,1:35:26.131,,1:19.071,2004
729,,Belgium,29 Aug 2004,Kimi Rikknen,McLaren Mercedes,44,1:32:35.274,,1:45.108,2004
730,,Italy,12 Sep 2004,Rubens Barrichello,Ferrari,53,1:15:18.448,,1:21.046,2004
731,,China,26 Sep 2004,Rubens Barrichello,Ferrari,56,1:29:12.420,,1:32.238,2004
732,,Japan,10 Oct 2004,Michael Schumacher,Ferrari,53,1:24:26.985,,1:32.730,2004
733,,Brazil,24 Oct 2004,JuanPablo Montoya,Williams BMW,71,1:28:01.451,,1:11.473,2004
734,,Australia,06 Mar 2005,Giancarlo Fisichella,Renault,57,1:24:17.336,,1:25.683,2005
735,,Malaysia,20 Mar 2005,Fernando Alonso,Renault,56,1:31:33.736,,1:35.483,2005
736,,Bahrain,03 Apr 2005,Fernando Alonso,Renault,57,1:29:18.531,,1:31.447,2005
737,,San Marino,24 Apr 2005,Fernando Alonso,Renault,62,1:27:41.921,,1:21.858,2005
738,,Spain,08 May 2005,Kimi Rikknen,McLaren Mercedes,66,1:27:16.830,,1:15.641,2005
739,,Monaco,22 May 2005,Kimi Rikknen,McLaren Mercedes,78,1:45:15.556,,1:15.842,2005
740,,Europe,29 May 2005,Fernando Alonso,Renault,59,1:31:46.648,,1:30.711,2005
741,,Canada,12 Jun 2005,Kimi Rikknen,McLaren Mercedes,70,1:32:09.290,,1:14.384,2005
742,,United States,19 Jun 2005,Michael Schumacher,Ferrari,73,1:29:43.181,,1:11.497,2005
743,,France,03 Jul 2005,Fernando Alonso,Renault,70,1:31:22.233,,1:16.423,2005
744,,Great Britain,10 Jul 2005,JuanPablo Montoya,McLaren Mercedes,60,1:24:29.588,,1:20.502,2005
745,,Germany,24 Jul 2005,Fernando Alonso,Renault,67,1:26:28.599,,1:14.873,2005
746,,Hungary,31 Jul 2005,Kimi Rikknen,McLaren Mercedes,70,1:37:25.552,,1:21.219,2005
747,,Turkey,21 Aug 2005,Kimi Rikknen,McLaren Mercedes,58,1:24:34.454,,1:24.770,2005
748,,Italy,04 Sep 2005,JuanPablo Montoya,McLaren Mercedes,53,1:14:28.659,,1:21.504,2005
749,,Belgium,11 Sep 2005,Kimi Rikknen,McLaren Mercedes,44,1:30:01.295,,1:51.453,2005
750,,Brazil,25 Sep 2005,JuanPablo Montoya,McLaren Mercedes,71,1:29:20.574,,1:12.268,2005
751,,Japan,09 Oct 2005,Kimi Rikknen,McLaren Mercedes,53,1:29:02.212,,1:31.540,2005
752,,China,16 Oct 2005,Fernando Alonso,Renault,56,1:39:53.618,,1:33.242,2005
753,,Bahrain,12 Mar 2006,Fernando Alonso,Renault,57,1:29:46.205,,1:32.408,2006
754,,Malaysia,19 Mar 2006,Giancarlo Fisichella,Renault,56,1:30:40.529,,1:34.803,2006
755,,Australia,02 Apr 2006,Fernando Alonso,Renault,57,1:34:27.870,,1:26.045,2006
756,,San Marino,23 Apr 2006,Michael Schumacher,Ferrari,62,1:31:06.486,,1:24.569,2006
757,,Europe,07 May 2006,Michael Schumacher,Ferrari,60,1:35:58.765,,1:32.099,2006
758,,Spain,14 May 2006,Fernando Alonso,Renault,66,1:26:21.759,,1:16.648,2006
759,,Monaco,28 May 2006,Fernando Alonso,Renault,78,1:43:43.116,,1:15.143,2006
760,,Great Britain,11 Jun 2006,Fernando Alonso,Renault,60,1:25:51.927,,1:21.599,2006
761,,Canada,25 Jun 2006,Fernando Alonso,Renault,70,1:34:37.308,,1:15.841,2006
762,,United States,02 Jul 2006,Michael Schumacher,Ferrari,73,1:34:35.199,,1:12.719,2006
763,,France,16 Jul 2006,Michael Schumacher,Ferrari,70,1:32:07.803,,1:17.111,2006
764,,Germany,30 Jul 2006,Michael Schumacher,Ferrari,67,1:27:51.693,,1:16.357,2006
765,,Hungary,06 Aug 2006,Jenson Button,Honda,70,1:52:20.941,,1:23.516,2006
766,,Turkey,27 Aug 2006,Felipe Massa,Ferrari,58,1:28:51.082,,1:28.005,2006
767,,Italy,10 Sep 2006,Michael Schumacher,Ferrari,53,1:14:51.975,,1:22.559,2006
768,,China,01 Oct 2006,Michael Schumacher,Ferrari,56,1:37:32.747,,1:37.586,2006
769,,Japan,08 Oct 2006,Fernando Alonso,Renault,53,1:23:53.413,,1:32.676,2006
770,,Brazil,22 Oct 2006,Felipe Massa,Ferrari,71,1:31:53.751,,1:12.162,2006
771,,Australia,18 Mar 2007,Kimi Rikknen,Ferrari,58,1:25:28.770,,1:25.235,2007
772,,Malaysia,08 Apr 2007,Fernando Alonso,McLaren Mercedes,56,1:32:14.930,,1:36.701,2007
773,,Bahrain,15 Apr 2007,Felipe Massa,Ferrari,57,1:33:27.515,,1:34.067,2007
774,,Spain,13 May 2007,Felipe Massa,Ferrari,65,1:31:36.230,,1:22.680,2007
775,,Monaco,27 May 2007,Fernando Alonso,McLaren Mercedes,78,1:40:29.329,,1:15.284,2007
776,,Canada,10 Jun 2007,Lewis Hamilton,McLaren Mercedes,70,1:44:11.292,,1:16.367,2007
777,,United States,17 Jun 2007,Lewis Hamilton,McLaren Mercedes,73,1:31:09.965,,1:13.117,2007
778,,France,01 Jul 2007,Kimi Rikknen,Ferrari,70,1:30:54.200,,1:16.099,2007
779,,Great Britain,08 Jul 2007,Kimi Rikknen,Ferrari,59,1:21:43.074,,1:20.638,2007
780,,Europe,22 Jul 2007,Fernando Alonso,McLaren Mercedes,60,2:06:26.358,,1:32.853,2007
781,,Hungary,05 Aug 2007,Lewis Hamilton,McLaren Mercedes,70,1:35:52.991,,1:20.047,2007
782,,Turkey,26 Aug 2007,Felipe Massa,Ferrari,58,1:26:42.161,,1:27.295,2007
783,,Italy,09 Sep 2007,Fernando Alonso,McLaren Mercedes,53,1:18:37.806,,1:22.871,2007
784,,Belgium,16 Sep 2007,Kimi Rikknen,Ferrari,44,1:20:39.066,,1:48.036,2007
785,,Japan,30 Sep 2007,Lewis Hamilton,McLaren Mercedes,67,2:00:34.579,,1:28.193,2007
786,,China,07 Oct 2007,Kimi Rikknen,Ferrari,56,1:37:58.395,,1:37.454,2007
787,,Brazil,21 Oct 2007,Kimi Rikknen,Ferrari,71,1:28:15.270,,1:12.445,2007
788,,Australia,16 Mar 2008,Lewis Hamilton,McLaren Mercedes,58,1:34:50.616,,1:27.418,2008
789,,Malaysia,23 Mar 2008,Kimi Rikknen,Ferrari,56,1:31:18.555,,1:35.366,2008
790,,Bahrain,06 Apr 2008,Felipe Massa,Ferrari,57,1:31:06.970,,1:33.193,2008
791,,Spain,27 Apr 2008,Kimi Rikknen,Ferrari,66,1:38:19.051,,1:21.670,2008
792,,Turkey,11 May 2008,Felipe Massa,Ferrari,58,1:26:49.451,,1:26.506,2008
793,,Monaco,25 May 2008,Lewis Hamilton,McLaren Mercedes,76,2:00:42.742,,1:16.689,2008
794,,Canada,08 Jun 2008,Robert Kubica,Sauber BMW,70,1:36:24.447,,1:17.387,2008
795,,France,22 Jun 2008,Felipe Massa,Ferrari,70,1:31:50.245,,1:16.630,2008
796,,Great Britain,06 Jul 2008,Lewis Hamilton,McLaren Mercedes,60,1:39:09.440,,1:32.150,2008
797,,Germany,20 Jul 2008,Lewis Hamilton,McLaren Mercedes,67,1:31:20.874,,1:15.987,2008
798,,Hungary,03 Aug 2008,Heikki Kovalainen,McLaren Mercedes,70,1:37:27.067,,1:21.195,2008
799,,Europe,24 Aug 2008,Felipe Massa,Ferrari,57,1:35:32.339,,1:38.708,2008
800,,Belgium,07 Sep 2008,Felipe Massa,Ferrari,44,1:22:59.394,,1:47.930,2008
801,,Italy,14 Sep 2008,Sebastian Vettel,STR Ferrari,53,1:26:47.494,,1:28.047,2008
802,,Singapore,28 Sep 2008,Fernando Alonso,Renault,61,1:57:16.304,,1:45.599,2008
803,,Japan,12 Oct 2008,Fernando Alonso,Renault,67,1:30:21.892,,1:18.426,2008
804,,China,19 Oct 2008,Lewis Hamilton,McLaren Mercedes,56,1:31:57.403,,1:36.325,2008
805,,Brazil,02 Nov 2008,Felipe Massa,Ferrari,71,1:34:11.435,,1:13.736,2008
806,,Australia,29 Mar 2009,Jenson Button,Brawn Mercedes,58,1:34:15.784,,1:27.706,2009
807,,Malaysia,05 Apr 2009,Jenson Button,Brawn Mercedes,31,55:30.622,,1:36.641,2009
808,,China,19 Apr 2009,Sebastian Vettel,RBR Renault,56,1:57:43.485,,1:52.592,2009
809,,Bahrain,26 Apr 2009,Jenson Button,Brawn Mercedes,57,1:31:48.182,,1:34.556,2009
810,,Spain,10 May 2009,Jenson Button,Brawn Mercedes,66,1:37:19.202,,1:22.762,2009
811,,Monaco,24 May 2009,Jenson Button,Brawn Mercedes,78,1:40:44.282,,1:15.154,2009
812,,Turkey,07 Jun 2009,Jenson Button,Brawn Mercedes,58,1:26:24.848,,1:27.579,2009
813,,Great Britain,21 Jun 2009,Sebastian Vettel,RBR Renault,60,1:22:49.328,,1:20.735,2009
814,,Germany,12 Jul 2009,Mark Webber,RBR Renault,60,1:36:43.310,,1:33.365,2009
815,,Hungary,26 Jul 2009,Lewis Hamilton,McLaren Mercedes,70,1:38:23.876,,1:21.931,2009
816,,Europe,23 Aug 2009,Rubens Barrichello,Brawn Mercedes,57,1:35:51.289,,1:38.683,2009
817,,Belgium,30 Aug 2009,Kimi Rikknen,Ferrari,44,1:23:50.995,,1:47.263,2009
818,,Italy,13 Sep 2009,Rubens Barrichello,Brawn Mercedes,53,1:16:21.706,,1:24.739,2009
819,,Singapore,27 Sep 2009,Lewis Hamilton,McLaren Mercedes,61,1:56:06.337,,1:48.240,2009
820,,Japan,04 Oct 2009,Sebastian Vettel,RBR Renault,53,1:28:20.443,,1:32.569,2009
821,,Brazil,18 Oct 2009,Mark Webber,RBR Renault,71,1:32:23.081,,1:13.733,2009
822,,Abu Dhabi,01 Nov 2009,Sebastian Vettel,RBR Renault,55,1:34:03.414,,1:40.279,2009
823,,Bahrain,14 Mar 2010,Fernando Alonso,Ferrari,49,1:39:20.396,,1:58.287,2010
824,,Australia,28 Mar 2010,Jenson Button,McLaren Mercedes,58,1:33:36.531,,1:28.358,2010
825,,Malaysia,04 Apr 2010,Sebastian Vettel,RBR Renault,56,1:33:48.412,,1:37.054,2010
826,,China,18 Apr 2010,Jenson Button,McLaren Mercedes,56,1:46:42.163,,1:42.061,2010
827,,Spain,09 May 2010,Mark Webber,RBR Renault,66,1:35:44.101,,1:24.357,2010
828,,Monaco,16 May 2010,Mark Webber,RBR Renault,78,1:50:13.355,,1:15.192,2010
829,,Turkey,30 May 2010,Lewis Hamilton,McLaren Mercedes,58,1:28:47.620,,1:29.165,2010
830,,Canada,13 Jun 2010,Lewis Hamilton,McLaren Mercedes,70,1:33:53.456,,1:16.972,2010
831,,Europe,27 Jun 2010,Sebastian Vettel,RBR Renault,57,1:40:29.571,,1:38.766,2010
832,,Great Britain,11 Jul 2010,Mark Webber,RBR Renault,52,1:24:38.200,,1:30.874,2010
833,,Germany,25 Jul 2010,Fernando Alonso,Ferrari,67,1:27:38.864,,1:15.824,2010
834,,Hungary,01 Aug 2010,Mark Webber,RBR Renault,70,1:41:05.571,,1:22.362,2010
835,,Belgium,29 Aug 2010,Lewis Hamilton,McLaren Mercedes,44,1:29:04.268,,1:49.069,2010
836,,Italy,12 Sep 2010,Fernando Alonso,Ferrari,53,1:16:24.572,,1:24.139,2010
837,,Singapore,26 Sep 2010,Fernando Alonso,Ferrari,61,1:57:53.579,,1:47.976,2010
838,,Japan,10 Oct 2010,Sebastian Vettel,RBR Renault,53,1:30:27.323,,1:33.474,2010
839,,South Korea,24 Oct 2010,Fernando Alonso,Ferrari,55,2:48:20.810,,1:50.257,2010
840,,Brazil,07 Nov 2010,Sebastian Vettel,RBR Renault,71,1:33:11.803,,1:13.851,2010
841,,Abu Dhabi,14 Nov 2010,Sebastian Vettel,RBR Renault,55,1:39:36.837,,1:41.274,2010
842,,Australia,27 Mar 2011,Sebastian Vettel,Red Bull Racing Renault,58,1:29:30.259,,1:28.947,2011
843,,Malaysia,10 Apr 2011,Sebastian Vettel,Red Bull Racing Renault,56,1:37:39.832,,1:40.571,2011
844,,China,17 Apr 2011,Lewis Hamilton,McLaren Mercedes,56,1:36:58.226,,1:38.993,2011
845,,Turkey,08 May 2011,Sebastian Vettel,Red Bull Racing Renault,58,1:30:17.558,,1:29.703,2011
846,,Spain,22 May 2011,Sebastian Vettel,Red Bull Racing Renault,66,1:39:03.301,,1:26.727,2011
847,,Monaco,29 May 2011,Sebastian Vettel,Red Bull Racing Renault,78,2:09:38.373,,1:16.234,2011
848,,Canada,12 Jun 2011,Jenson Button,McLaren Mercedes,70,4:04:39.537,,1:16.956,2011
849,,Europe,26 Jun 2011,Sebastian Vettel,Red Bull Racing Renault,57,1:39:36.169,,1:41.852,2011
850,,Great Britain,10 Jul 2011,Fernando Alonso,Ferrari,52,1:28:41.196,,1:34.908,2011
851,,Germany,24 Jul 2011,Lewis Hamilton,McLaren Mercedes,60,1:37:30.334,,1:34.302,2011
852,,Hungary,31 Jul 2011,Jenson Button,McLaren Mercedes,70,1:46:42.337,,1:23.415,2011
853,,Belgium,28 Aug 2011,Sebastian Vettel,Red Bull Racing Renault,44,1:26:44.893,,1:49.883,2011
854,,Italy,11 Sep 2011,Sebastian Vettel,Red Bull Racing Renault,53,1:20:46.172,,1:26.187,2011
855,,Singapore,25 Sep 2011,Sebastian Vettel,Red Bull Racing Renault,61,1:59:06.757,,1:48.454,2011
856,,Japan,09 Oct 2011,Jenson Button,McLaren Mercedes,53,1:30:53.427,,1:36.568,2011
857,,South Korea,16 Oct 2011,Sebastian Vettel,Red Bull Racing Renault,55,1:38:01.994,,1:39.605,2011
858,,India,30 Oct 2011,Sebastian Vettel,Red Bull Racing Renault,60,1:30:35.002,,1:27.249,2011
859,,Abu Dhabi,13 Nov 2011,Lewis Hamilton,McLaren Mercedes,55,1:37:11.886,,1:42.612,2011
860,,Brazil,27 Nov 2011,Mark Webber,Red Bull Racing Renault,71,1:32:17.464,,1:15.324,2011
861,,Australia,18 Mar 2012,Jenson Button,McLaren Mercedes,58,1:34:09.565,,1:29.187,2012
862,,Malaysia,25 Mar 2012,Fernando Alonso,Ferrari,56,2:44:51.812,,1:40.722,2012
863,,China,15 Apr 2012,Nico Rosberg,Mercedes,56,1:36:26.929,,1:39.960,2012
864,,Bahrain,22 Apr 2012,Sebastian Vettel,Red Bull Racing Renault,57,1:35:10.990,,1:36.379,2012
865,,Spain,13 May 2012,Pastor Maldonado,Williams Renault,66,1:39:09.145,,1:26.250,2012
866,,Monaco,27 May 2012,Mark Webber,Red Bull Racing Renault,78,1:46:06.557,,1:17.296,2012
867,,Canada,10 Jun 2012,Lewis Hamilton,McLaren Mercedes,70,1:32:29.586,,1:15.752,2012
868,,Europe,24 Jun 2012,Fernando Alonso,Ferrari,57,1:44:16.649,,1:42.163,2012
869,,Great Britain,08 Jul 2012,Mark Webber,Red Bull Racing Renault,52,1:25:11.288,,1:34.661,2012
870,,Germany,22 Jul 2012,Fernando Alonso,Ferrari,67,1:31:05.862,,1:18.725,2012
871,,Hungary,29 Jul 2012,Lewis Hamilton,McLaren Mercedes,69,1:41:05.503,,1:24.136,2012
872,,Belgium,02 Sep 2012,Jenson Button,McLaren Mercedes,44,1:29:08.530,,1:52.822,2012
873,,Italy,09 Sep 2012,Lewis Hamilton,McLaren Mercedes,53,1:19:41.221,,1:27.239,2012
874,,Singapore,23 Sep 2012,Sebastian Vettel,Red Bull Racing Renault,59,2:00:26.144,,1:51.033,2012
875,,Japan,07 Oct 2012,Sebastian Vettel,Red Bull Racing Renault,53,1:28:56.242,,1:35.774,2012
876,,South Korea,14 Oct 2012,Sebastian Vettel,Red Bull Racing Renault,55,1:36:28.651,,1:42.037,2012
877,,India,28 Oct 2012,Sebastian Vettel,Red Bull Racing Renault,60,1:31:10.744,,1:28.203,2012
878,,Abu Dhabi,04 Nov 2012,Kimi Rikknen,Lotus Renault,55,1:45:58.667,,1:43.964,2012
879,,United States,18 Nov 2012,Lewis Hamilton,McLaren Mercedes,56,1:35:55.269,,1:39.347,2012
880,,Brazil,25 Nov 2012,Jenson Button,McLaren Mercedes,71,1:45:22.656,,1:18.069,2012
881,,Australia,17 Mar 2013,Kimi Rikknen,Lotus Renault,58,1:30:03.225,,1:29.274,2013
882,,Malaysia,24 Mar 2013,Sebastian Vettel,Red Bull Racing Renault,56,1:38:56.681,,1:39.199,2013
883,,China,14 Apr 2013,Fernando Alonso,Ferrari,56,1:36:26.945,,1:36.808,2013
884,,Bahrain,21 Apr 2013,Sebastian Vettel,Red Bull Racing Renault,57,1:36:00.498,,1:36.961,2013
885,,Spain,12 May 2013,Fernando Alonso,Ferrari,66,1:39:16.596,,1:26.217,2013
886,,Monaco,26 May 2013,Nico Rosberg,Mercedes,78,2:17:52.056,,1:16.577,2013
887,,Canada,09 Jun 2013,Sebastian Vettel,Red Bull Racing Renault,70,1:32:09.143,,1:16.182,2013
888,,Great Britain,30 Jun 2013,Nico Rosberg,Mercedes,52,1:32:59.456,,1:33.401,2013
889,,Germany,07 Jul 2013,Sebastian Vettel,Red Bull Racing Renault,60,1:41:14.711,,1:33.468,2013
890,,Hungary,28 Jul 2013,Lewis Hamilton,Mercedes,70,1:42:29.445,,1:24.069,2013
891,,Belgium,25 Aug 2013,Sebastian Vettel,Red Bull Racing Renault,44,1:23:42.196,,1:50.756,2013
892,,Italy,08 Sep 2013,Sebastian Vettel,Red Bull Racing Renault,53,1:18:33.352,,1:25.849,2013
893,,Singapore,22 Sep 2013,Sebastian Vettel,Red Bull Racing Renault,61,1:59:13.132,,1:48.574,2013
894,,South Korea,06 Oct 2013,Sebastian Vettel,Red Bull Racing Renault,55,1:43:13.701,,1:41.380,2013
895,,Japan,13 Oct 2013,Sebastian Vettel,Red Bull Racing Renault,53,1:26:49.301,,1:34.587,2013
896,,India,27 Oct 2013,Sebastian Vettel,Red Bull Racing Renault,60,1:31:12.187,,1:27.679,2013
897,,Abu Dhabi,03 Nov 2013,Sebastian Vettel,Red Bull Racing Renault,55,1:38:06.106,,1:43.434,2013
898,,United States,17 Nov 2013,Sebastian Vettel,Red Bull Racing Renault,56,1:39:17.148,,1:39.856,2013
899,,Brazil,24 Nov 2013,Sebastian Vettel,Red Bull Racing Renault,71,1:32:36.300,,1:15.436,2013
900,,Australia,16 Mar 2014,Nico Rosberg,Mercedes,57,1:32:58.710,,1:32.478,2014
901,,Malaysia,30 Mar 2014,Lewis Hamilton,Mercedes,56,1:40:25.974,,1:43.066,2014
902,,Bahrain,06 Apr 2014,Lewis Hamilton,Mercedes,57,1:39:42.743,,1:37.020,2014
903,,China,20 Apr 2014,Lewis Hamilton,Mercedes,54,1:33:28.338,,1:40.402,2014
904,,Spain,11 May 2014,Lewis Hamilton,Mercedes,66,1:41:05.155,,1:28.918,2014
905,,Monaco,25 May 2014,Nico Rosberg,Mercedes,78,1:49:27.661,,1:18.479,2014
906,,Canada,08 Jun 2014,Daniel Ricciardo,Red Bull Racing Renault,70,1:39:12.830,,1:18.504,2014
907,,Austria,22 Jun 2014,Nico Rosberg,Mercedes,71,1:27:54.976,,1:12.142,2014
908,,Great Britain,06 Jul 2014,Lewis Hamilton,Mercedes,52,2:26:52.094,,1:37.176,2014
909,,Germany,20 Jul 2014,Nico Rosberg,Mercedes,67,1:33:42.914,,1:19.908,2014
910,,Hungary,27 Jul 2014,Daniel Ricciardo,Red Bull Racing Renault,70,1:53:05.058,,1:25.724,2014
911,,Belgium,24 Aug 2014,Daniel Ricciardo,Red Bull Racing Renault,44,1:24:36.556,,1:50.511,2014
912,,Italy,07 Sep 2014,Lewis Hamilton,Mercedes,53,1:19:10.236,,1:28.004,2014
913,,Singapore,21 Sep 2014,Lewis Hamilton,Mercedes,60,2:00:04.795,,1:50.417,2014
914,,Japan,05 Oct 2014,Lewis Hamilton,Mercedes,44,1:51:43.021,,1:51.600,2014
915,,Russia,21 Oct 2014,Lewis Hamilton,Mercedes,53,1:31:50.744,,1:40.896,2014
916,,United States,02 Nov 2014,Lewis Hamilton,Mercedes,56,1:40:04.785,,1:41.379,2014
917,,Brazil,09 Nov 2014,Nico Rosberg,Mercedes,71,1:30:02.555,,1:13.555,2014
918,,Abu Dhabi,23 Nov 2014,Lewis Hamilton,Mercedes,55,1:39:02.619,,1:44.496,2014
919,,Australia,15 Mar 2015,Lewis Hamilton,Mercedes,58,1:31:54.067,,1:30.945,2015
920,,Malaysia,29 Mar 2015,Sebastian Vettel,Ferrari,56,1:41:05.793,,1:42.062,2015
921,,China,12 Apr 2015,Lewis Hamilton,Mercedes,56,1:39:42.008,,1:42.208,2015
922,,Bahrain,19 Apr 2015,Lewis Hamilton,Mercedes,57,1:35:05.809,,1:36.311,2015
923,,Spain,10 May 2015,Nico Rosberg,Mercedes,66,1:41:12.555,,1:28.270,2015
924,,Monaco,24 May 2015,Nico Rosberg,Mercedes,78,1:49:18.420,,1:18.063,2015
925,,Canada,07 Jun 2015,Lewis Hamilton,Mercedes,70,1:31:53.145,,1:16.987,2015
926,,Austria,21 Jun 2015,Nico Rosberg,Mercedes,71,1:30:16.930,,1:11.235,2015
927,,Great Britain,05 Jul 2015,Lewis Hamilton,Mercedes,52,1:31:27.729,,1:37.093,2015
928,,Hungary,26 Jul 2015,Sebastian Vettel,Ferrari,69,1:46:09.985,,1:24.821,2015
929,,Belgium,23 Aug 2015,Lewis Hamilton,Mercedes,43,1:23:40.387,,1:52.416,2015
930,,Italy,06 Sep 2015,Lewis Hamilton,Mercedes,53,1:18:00.688,,1:26.672,2015
931,,Singapore,20 Sep 2015,Sebastian Vettel,Ferrari,61,2:01:22.118,,1:50.041,2015
932,,Japan,27 Sep 2015,Lewis Hamilton,Mercedes,53,1:28:06.508,,1:36.145,2015
933,,Russia,11 Oct 2015,Lewis Hamilton,Mercedes,53,1:37:11.024,,1:40.071,2015
934,,United States,25 Oct 2015,Lewis Hamilton,Mercedes,56,1:50:52.703,,1:40.666,2015
935,,Mexico,01 Nov 2015,Nico Rosberg,Mercedes,71,1:42:35.038,,1:20.521,2015
936,,Brazil,15 Nov 2015,Nico Rosberg,Mercedes,71,1:31:09.090,,1:14.832,2015
937,,Abu Dhabi,29 Nov 2015,Nico Rosberg,Mercedes,55,1:38:30.175,,1:44.517,2015
938,,Australia,20 Mar 2016,Nico Rosberg,Mercedes,57,1:48:15.565,,1:28.997,2016
939,,Bahrain,03 Apr 2016,Nico Rosberg,Mercedes,57,1:33:34.696,,1:34.482,2016
940,,China,17 Apr 2016,Nico Rosberg,Mercedes,56,1:38:53.891,,1:39.824,2016
941,,Russia,01 May 2016,Nico Rosberg,Mercedes,53,1:32:41.997,,1:39.094,2016
942,,Spain,15 May 2016,Max Verstappen,Red Bull Racing TAG Heuer,66,1:41:40.017,,1:26.948,2016
943,,Monaco,29 May 2016,Lewis Hamilton,Mercedes,78,1:59:29.133,,1:17.939,2016
944,,Canada,12 Jun 2016,Lewis Hamilton,Mercedes,70,1:31:05.296,,1:15.599,2016
945,,Europe,19 Jun 2016,Nico Rosberg,Mercedes,51,1:32:52.366,,1:46.485,2016
946,,Austria,03 Jul 2016,Lewis Hamilton,Mercedes,71,1:27:38.107,,1:08.411,2016
947,,Great Britain,10 Jul 2016,Lewis Hamilton,Mercedes,52,1:34:55.831,,1:35.548,2016
948,,Hungary,24 Jul 2016,Lewis Hamilton,Mercedes,70,1:40:30.115,,1:23.086,2016
949,,Germany,31 Jul 2016,Lewis Hamilton,Mercedes,67,1:30:44.200,,1:18.442,2016
950,,Belgium,28 Aug 2016,Nico Rosberg,Mercedes,44,1:44:51.058,,1:51.583,2016
951,,Italy,04 Sep 2016,Nico Rosberg,Mercedes,53,1:17:28.089,,1:25.340,2016
952,,Singapore,18 Sep 2016,Nico Rosberg,Mercedes,61,1:55:48.950,,1:47.187,2016
953,,Malaysia,02 Oct 2016,Daniel Ricciardo,Red Bull Racing TAG Heuer,56,1:37:12.776,,1:36.424,2016
954,,Japan,09 Oct 2016,Nico Rosberg,Mercedes,53,1:26:43.333,,1:35.118,2016
955,,United States,23 Oct 2016,Lewis Hamilton,Mercedes,56,1:38:12.618,,1:39.877,2016
956,,Mexico,30 Oct 2016,Lewis Hamilton,Mercedes,71,1:40:31.402,,1:21.134,2016
957,,Brazil,13 Nov 2016,Lewis Hamilton,Mercedes,71,3:01:01.335,,1:25.305,2016
958,,Abu Dhabi,27 Nov 2016,Lewis Hamilton,Mercedes,55,1:38:04.013,,1:43.729,2016
959,,Australia,26 Mar 2017,Sebastian Vettel,Ferrari,57,1:24:11.672,,1:26.538,2017
960,,China,09 Apr 2017,Lewis Hamilton,Mercedes,56,1:37:36.158,,1:35.378,2017
961,,Bahrain,16 Apr 2017,Sebastian Vettel,Ferrari,57,1:33:53.374,,1:32.798,2017
962,,Russia,30 Apr 2017,Valtteri Bottas,Mercedes,52,1:28:08.743,,1:36.844,2017
963,,Spain,14 May 2017,Lewis Hamilton,Mercedes,66,1:35:56.497,,1:23.593,2017
964,,Monaco,28 May 2017,Sebastian Vettel,Ferrari,78,1:44:44.340,,1:14.820,2017
965,,Canada,11 Jun 2017,Lewis Hamilton,Mercedes,70,1:33:05.154,,1:14.551,2017
966,,Azerbaijan,25 Jun 2017,Daniel Ricciardo,Red Bull Racing TAG Heuer,51,2:03:55.573,,1:43.441,2017
967,,Austria,09 Jul 2017,Valtteri Bottas,Mercedes,71,1:21:48.523,,1:07.411,2017
968,,Great Britain,16 Jul 2017,Lewis Hamilton,Mercedes,51,1:21:27.430,,1:30.621,2017
969,,Hungary,30 Jul 2017,Sebastian Vettel,Ferrari,70,1:39:46.713,,1:20.182,2017
970,,Belgium,27 Aug 2017,Lewis Hamilton,Mercedes,44,1:24:42.820,,1:46.577,2017
971,,Italy,03 Sep 2017,Lewis Hamilton,Mercedes,53,1:15:32.312,,1:23.361,2017
972,,Singapore,17 Sep 2017,Lewis Hamilton,Mercedes,58,2:03:23.544,,1:45.008,2017
973,,Malaysia,01 Oct 2017,Max Verstappen,Red Bull Racing TAG Heuer,56,1:30:01.290,,1:34.080,2017
974,,Japan,08 Oct 2017,Lewis Hamilton,Mercedes,53,1:27:31.194,,1:33.144,2017
975,,United States,22 Oct 2017,Lewis Hamilton,Mercedes,56,1:33:50.991,,1:37.766,2017
976,,Mexico,29 Oct 2017,Max Verstappen,Red Bull Racing TAG Heuer,71,1:36:26.552,,1:18.785,2017
977,,Brazil,12 Nov 2017,Sebastian Vettel,Ferrari,71,1:31:26.262,,1:11.044,2017
978,,Abu Dhabi,26 Nov 2017,Valtteri Bottas,Mercedes,55,1:34:14.062,,1:40.650,2017
979,,Australia,25 Mar 2018,Sebastian Vettel,Ferrari,58,1:29:33.283,,1:25.945,2018
980,,Bahrain,08 Apr 2018,Sebastian Vettel,Ferrari,57,1:32:01.940,,1:33.740,2018
981,,China,15 Apr 2018,Daniel Ricciardo,Red Bull Racing TAG Heuer,56,1:35:36.380,,1:35.785,2018
982,,Azerbaijan,29 Apr 2018,Lewis Hamilton,Mercedes,51,1:43:44.291,,1:45.149,2018
983,,Spain,13 May 2018,Lewis Hamilton,Mercedes,66,1:35:29.972,,1:18.441,2018
984,,Monaco,27 May 2018,Daniel Ricciardo,Red Bull Racing TAG Heuer,78,1:42:54.807,,1:14.260,2018
985,,Canada,10 Jun 2018,Sebastian Vettel,Ferrari,68,1:28:31.377,,1:13.864,2018
986,,France,24 Jun 2018,Lewis Hamilton,Mercedes,53,1:30:11.385,,1:34.225,2018
987,,Austria,01 Jul 2018,Max Verstappen,Red Bull Racing TAG Heuer,71,1:21:56.024,,1:06.957,2018
988,,Great Britain,08 Jul 2018,Sebastian Vettel,Ferrari,52,1:27:29.784,,1:30.696,2018
989,,Germany,22 Jul 2018,Lewis Hamilton,Mercedes,67,1:32:29.845,,1:15.545,2018
990,,Hungary,29 Jul 2018,Lewis Hamilton,Mercedes,70,1:37:16.427,,1:20.012,2018
991,,Belgium,26 Aug 2018,Sebastian Vettel,Ferrari,44,1:23:34.476,,1:46.286,2018
992,,Italy,02 Sep 2018,Lewis Hamilton,Mercedes,53,1:16:54.484,,1:22.497,2018
993,,Singapore,16 Sep 2018,Lewis Hamilton,Mercedes,61,1:51:11.611,,1:41.905,2018
994,,Russia,30 Sep 2018,Lewis Hamilton,Mercedes,53,1:27:25.181,,1:35.861,2018
995,,Japan,07 Oct 2018,Lewis Hamilton,Mercedes,53,1:27:17.062,,1:32.318,2018
996,,United States,21 Oct 2018,Kimi Rikknen,Ferrari,56,1:34:18.643,,1:37.392,2018
997,,Mexico,28 Oct 2018,Max Verstappen,Red Bull Racing TAG Heuer,71,1:38:28.851,,1:18.741,2018
998,,Brazil,11 Nov 2018,Lewis Hamilton,Mercedes,71,1:27:09.066,,1:10.540,2018
999,,Abu Dhabi,25 Nov 2018,Lewis Hamilton,Mercedes,55,1:39:40.382,,1:40.867,2018
1000,,Australia,17 Mar 2019,Valtteri Bottas,Mercedes,58,1:25:27.325,,1:25.580,2019
1001,,Bahrain,31 Mar 2019,Lewis Hamilton,Mercedes,57,1:34:21.295,,1:33.411,2019
1002,,China,14 Apr 2019,Lewis Hamilton,Mercedes,56,1:32:06.350,,1:34.742,2019
1003,,Azerbaijan,28 Apr 2019,Valtteri Bottas,Mercedes,51,1:31:52.942,,1:43.009,2019
1004,,Spain,12 May 2019,Lewis Hamilton,Mercedes,66,1:35:50.443,,1:18.492,2019
1005,,Monaco,26 May 2019,Lewis Hamilton,Mercedes,78,1:43:28.437,,1:14.279,2019
1006,,Canada,09 Jun 2019,Lewis Hamilton,Mercedes,70,1:29:07.084,,1:13.078,2019
1007,,France,23 Jun 2019,Lewis Hamilton,Mercedes,53,1:24:31.198,,1:32.740,2019
1008,,Austria,30 Jun 2019,Max Verstappen,Red Bull Racing Honda,71,1:22:01.822,,1:07.475,2019
1009,,Great Britain,14 Jul 2019,Lewis Hamilton,Mercedes,52,1:21:08.452,,1:27.369,2019
1010,,Germany,28 Jul 2019,Max Verstappen,Red Bull Racing Honda,64,1:44:31.275,,1:16.645,2019
1011,,Hungary,04 Aug 2019,Lewis Hamilton,Mercedes,70,1:35:03.796,,1:17.103,2019
1012,,Belgium,01 Sep 2019,Charles Leclerc,Ferrari,44,1:23:45.710,,1:46.409,2019
1013,,Italy,08 Sep 2019,Charles Leclerc,Ferrari,53,1:15:26.665,,1:21.779,2019
1014,,Singapore,22 Sep 2019,Sebastian Vettel,Ferrari,61,1:58:33.667,,1:42.301,2019
1015,,Russia,29 Sep 2019,Lewis Hamilton,Mercedes,53,1:33:38.992,,1:35.761,2019
1016,,Japan,13 Oct 2019,Valtteri Bottas,Mercedes,52,1:21:46.755,,1:30.983,2019
1017,,Mexico,27 Oct 2019,Lewis Hamilton,Mercedes,71,1:36:48.904,,1:19.232,2019
1018,,United States,03 Nov 2019,Valtteri Bottas,Mercedes,56,1:33:55.653,,1:36.169,2019
1019,,Brazil,17 Nov 2019,Max Verstappen,Red Bull Racing Honda,71,1:33:14.678,,1:10.698,2019
1020,,Abu Dhabi,01 Dec 2019,Lewis Hamilton,Mercedes,55,1:34:05.715,,1:39.283,2019
1021,,Austria,05 Jul 2020,Valtteri Bottas,Mercedes,71,1:30:55.739,,1:07.475,2020
1022,,Styria,12 Jul 2020,Lewis Hamilton,Mercedes,71,1:22:50.683,,1:05.619,2020
1023,,Hungary,19 Jul 2020,Lewis Hamilton,Mercedes,70,1:36:12.473,,1:16.627,2020
1024,,Great Britain,02 Aug 2020,Lewis Hamilton,Mercedes,52,1:28:01.283,,1:27.097,2020
1025,,70th Anniversary,09 Aug 2020,Max Verstappen,Red Bull Racing Honda,52,1:19:41.993,,1:28.451,2020
1026,,Spain,16 Aug 2020,Lewis Hamilton,Mercedes,66,1:31:45.279,,1:18.183,2020
1027,,Belgium,30 Aug 2020,Lewis Hamilton,Mercedes,44,1:24:08.761,,1:47.483,2020
1028,,Italy,06 Sep 2020,Pierre Gasly,AlphaTauri Honda,53,1:47:06.056,,1:22.746,2020
1029,,Tuscany,13 Sep 2020,Lewis Hamilton,Mercedes,59,2:19:35.060,,1:18.833,2020
1030,,Russia,27 Sep 2020,Valtteri Bottas,Mercedes,53,1:34:00.364,,1:37.030,2020
1031,,Eifel,11 Oct 2020,Lewis Hamilton,Mercedes,60,1:35:49.641,,1:28.139,2020
1032,,Portugal,25 Oct 2020,Lewis Hamilton,Mercedes,66,1:29:56.828,,1:18.750,2020
1033,,Emilia Romagna,01 Nov 2020,Lewis Hamilton,Mercedes,63,1:28:32.430,,1:15.484,2020
1034,,Turkey,15 Nov 2020,Lewis Hamilton,Mercedes,58,1:42:19.313,,1:36.806,2020
1035,,Bahrain,29 Nov 2020,Lewis Hamilton,Mercedes,57,2:59:47.515,,1:32.014,2020
1036,,Sakhir,06 Dec 2020,Sergio Perez,Racing Point BWT Mercedes,87,1:31:15.114,,55.404,2020
1037,,Abu Dhabi,13 Dec 2020,Max Verstappen,Red Bull Racing Honda,55,1:36:28.645,,1:40.926,2020
1038,,Bahrain,28 Mar 2021,Lewis Hamilton,Mercedes,56,1:32:03.897,,1:32.090,2021
1039,,Emilia Romagna,18 Apr 2021,Max Verstappen,Red Bull Racing Honda,63,2:02:34.598,,1:16.702,2021
1040,,Portugal,02 May 2021,Lewis Hamilton,Mercedes,66,1:34:31.421,,1:19.865,2021
1041,,Spain,09 May 2021,Lewis Hamilton,Mercedes,66,1:33:07.680,,1:18.149,2021
1042,,Monaco,23 May 2021,Max Verstappen,Red Bull Racing Honda,78,1:38:56.820,,1:12.909,2021
1043,,Azerbaijan,06 Jun 2021,Sergio Perez,Red Bull Racing Honda,51,2:13:36.410,,1:44.481,2021
1044,,France,20 Jun 2021,Max Verstappen,Red Bull Racing Honda,53,1:27:25.770,,1:36.404,2021
1045,,Styria,27 Jun 2021,Max Verstappen,Red Bull Racing Honda,71,1:22:18.925,,1:07.058,2021
1046,,Austria,04 Jul 2021,Max Verstappen,Red Bull Racing Honda,71,1:23:54.543,,1:06.200,2021
1047,,Great Britain,18 Jul 2021,Lewis Hamilton,Mercedes,52,1:58:23.284,,1:28.617,2021
1048,,Hungary,01 Aug 2021,Esteban Ocon,Alpine Renault,70,2:04:43.199,,1:18.394,2021
1049,,Belgium,29 Aug 2021,Max Verstappen,Red Bull Racing Honda,1,0:03:27.071,,N/A,2021
1050,,Netherlands,05 Sep 2021,Max Verstappen,Red Bull Racing Honda,72,1:30:05.395,,1:11.097,2021
1051,,Italy,12 Sep 2021,Daniel Ricciardo,McLaren Mercedes,53,1:21:54.365,,1:24.812,2021
1052,,Russia,26 Sep 2021,Lewis Hamilton,Mercedes,53,1:30:41.001,,1:37.423,2021
1053,,Turkey,10 Oct 2021,Valtteri Bottas,Mercedes,58,1:31:04.103,,1:30.432,2021
1054,,United States,24 Oct 2021,Max Verstappen,Red Bull Racing Honda,56,1:34:36.552,,1:38.485,2021
1055,,Mexico,07 Nov 2021,Max Verstappen,Red Bull Racing Honda,71,1:38:39.086,,1:17.774,2021
1056,,Brazil,14 Nov 2021,Lewis Hamilton,Mercedes,71,1:32:22.851,,1:11.010,2021
1057,,Qatar,21 Nov 2021,Lewis Hamilton,Mercedes,57,1:24:28.471,,1:23.196,2021
1058,,Saudi Arabia,05 Dec 2021,Lewis Hamilton,Mercedes,50,2:06:15.118,,1:30.734,2021
1059,,Abu Dhabi,12 Dec 2021,Max Verstappen,Red Bull Racing Honda,58,1:30:17.345,,1:26.103,2021
1060,,Bahrain,20 Mar 2022,Charles Leclerc,Ferrari,57,1:37:33.584,,1:34.570,2022
1061,,Saudi Arabia,27 Mar 2022,Max Verstappen,Red Bull Racing RBPT,50,1:24:19.293,,1:31.634,2022
1062,,Australia,10 Apr 2022,Charles Leclerc,Ferrari,58,1:27:46.548,,1:20.260,2022
1063,,Emilia Romagna,24 Apr 2022,Max Verstappen,Red Bull Racing RBPT,63,1:32:07.986,,1:18.446,2022
1064,,Miami,08 May 2022,Max Verstappen,Red Bull Racing RBPT,57,1:34:24.258,,1:31.361,2022
1065,,Spain,22 May 2022,Max Verstappen,Red Bull Racing RBPT,66,1:37:20.475,,1:24.108,2022
1066,,Monaco,29 May 2022,Sergio Perez,Red Bull Racing RBPT,64,1:56:30.265,,1:14.693,2022
1067,,Azerbaijan,12 Jun 2022,Max Verstappen,Red Bull Racing RBPT,51,1:34:05.941,,1:46.046,2022
1068,,Canada,19 Jun 2022,Max Verstappen,Red Bull Racing RBPT,70,1:36:21.757,,1:15.749,2022
1069,,Great Britain,03 Jul 2022,Carlos Sainz,Ferrari,52,2:17:50.311,,1:30.510,2022
1070,,Austria,10 Jul 2022,Charles Leclerc,Ferrari,71,1:24:24.312,,1:07.275,2022
1071,,France,24 Jul 2022,Max Verstappen,Red Bull Racing RBPT,53,1:30:02.112,,1:35.781,2022
1072,,Hungary,31 Jul 2022,Max Verstappen,Red Bull Racing RBPT,70,1:39:35.912,,1:21.386,2022
1073,,Belgium,28 Aug 2022,Max Verstappen,Red Bull Racing RBPT,44,1:25:52.894,,1:49.354,2022
1074,,Netherlands,04 Sep 2022,Max Verstappen,Red Bull Racing RBPT,72,1:36:42.773,,1:13.652,2022
1075,,Italy,11 Sep 2022,Max Verstappen,Red Bull Racing RBPT,53,1:20:27.511,,1:24.030,2022
1076,,Singapore,02 Oct 2022,Sergio Perez,Red Bull Racing RBPT,59,2:02:20.238,,1:46.458,2022
1077,,Japan,09 Oct 2022,Max Verstappen,Red Bull Racing RBPT,28,3:01:44.004,,1:44.411,2022
1078,,United States,23 Oct 2022,Max Verstappen,Red Bull Racing RBPT,56,1:42:11.687,,1:38.788,2022
1079,,Mexico,30 Oct 2022,Max Verstappen,Red Bull Racing RBPT,71,1:38:36.729,,1:20.153,2022
1080,,Brazil,13 Nov 2022,George Russell,Mercedes,71,1:38:34.044,,1:13.785,2022
1081,,Abu Dhabi,20 Nov 2022,Max Verstappen,Red Bull Racing RBPT,58,1:27:45.914,,1:28.391,2022
1082,,Bahrain,05 Mar 2023,Max Verstappen,Red Bull Racing Honda RBPT,57,1:33:56.736,,1:33.996,2023
1083,,Saudi Arabia,19 Mar 2023,Sergio Perez,Red Bull Racing Honda RBPT,50,1:21:14.894,,1:31.906,2023
1084,,Australia,02 Apr 2023,Max Verstappen,Red Bull Racing Honda RBPT,58,2:32:38.371,,1:20.235,2023
1085,,Azerbaijan,30 Apr 2023,Sergio Perez,Red Bull Racing Honda RBPT,51,1:32:42.436,,1:43.370,2023
1086,,Miami,07 May 2023,Max Verstappen,Red Bull Racing Honda RBPT,57,1:27:38.241,,1:29.708,2023
1087,,Monaco,28 May 2023,Max Verstappen,Red Bull Racing Honda RBPT,78,1:48:51.980,,1:15.650,2023
1088,,Spain,04 Jun 2023,Max Verstappen,Red Bull Racing Honda RBPT,66,1:27:57.940,,1:16.330,2023
1089,,Canada,18 Jun 2023,Max Verstappen,Red Bull Racing Honda RBPT,70,1:33:58.348,,1:14.481,2023
1090,,Austria,02 Jul 2023,Max Verstappen,Red Bull Racing Honda RBPT,71,1:25:33.607,,1:07.012,2023
1091,,Great Britain,09 Jul 2023,Max Verstappen,Red Bull Racing Honda RBPT,52,1:25:16.938,,1:30.275,2023
1092,,Hungary,23 Jul 2023,Max Verstappen,Red Bull Racing Honda RBPT,70,1:38:08.634,,1:20.504,2023
1093,,Belgium,30 Jul 2023,Max Verstappen,Red Bull Racing Honda RBPT,44,1:22:30.450,,1:47.305,2023
1094,,Netherlands,27 Aug 2023,Max Verstappen,Red Bull Racing Honda RBPT,72,2:24:04.411,,1:13.837,2023
1095,,Italy,03 Sep 2023,Max Verstappen,Red Bull Racing Honda RBPT,51,1:13:41.143,,1:25.072,2023
1096,,Singapore,17 Sep 2023,Carlos Sainz,Ferrari,62,1:46:37.418,,1:35.867,2023
1097,,Japan,24 Sep 2023,Max Verstappen,Red Bull Racing Honda RBPT,53,1:30:58.421,,1:34.183,2023
1098,,Qatar,08 Oct 2023,Max Verstappen,Red Bull Racing Honda RBPT,57,1:27:39.168,,1:24.319,2023
1099,,United States,22 Oct 2023,Max Verstappen,Red Bull Racing Honda RBPT,56,1:35:21.362,,1:38.139,2023
1100,,Mexico,29 Oct 2023,Max Verstappen,Red Bull Racing Honda RBPT,71,2:02:30.814,,1:21.334,2023
1101,,Brazil,05 Nov 2023,Max Verstappen,Red Bull Racing Honda RBPT,71,1:56:48.894,,1:12.486,2023
1102,,Las Vegas,18 Nov 2023,Max Verstappen,Red Bull Racing Honda RBPT,50,1:29:08.289,,1:35.490,2023
1103,,Abu Dhabi,26 Nov 2023,Max Verstappen,Red Bull Racing Honda RBPT,58,1:27:02.624,,1:26.993,2023
